film_list.FID,film_list.actors,GROUP_CONCAT(DISTINCT film_list.title),COUNT(rental.rental_id),SUM(payment.amount)
233,ADAM GRANT,"MIDNIGHT WESTWARD,IDOLS SNATCHERS,SPLENDOR PATTON,TWISTED PIRATES,TADPOLE PARK,FIREBALL PHILADELPHIA,GROUNDHOG UNCUT,OPERATION OPERATION,GLADIATOR WESTWARD,BALLROOM MOCKINGBIRD,HAPPINESS UNITED,GLORY TRACY,MARS ROMAN,WANDA CHAMBER,ANNIE IDENTITY,LOSER HUSTLER,SEABISCUIT PUNK,DISCIPLE MOTHER",281,974.190000000002
930,ADAM HOPPER,"CLUELESS BUCKET,MOCKINGBIRD HOLLYWOOD,NOON PAPI,TOWERS HURRICANE,HEAVEN FREEDOM,SADDLE ANTITRUST,CLERKS ANGELS,PRINCESS GIANT,TORQUE BOUND,BLOOD ARGONAUTS,GABLES METROPOLIS,GREASE YOUTH,FICTION CHRISTMAS,TRAIN BUNCH,CHAMBER ITALIAN,MASKED BUBBLE,WORDS HUNTER,LOVERBOY ATTACKS,SLEEPY JAPANESE,BLINDNESS GUN,OPEN AFRICAN,VACATION BOONDOCK",381,1532.21
286,AL GARLAND,"DRIFTER COMMANDMENTS,GLASS DYING,GRAIL FRANKENSTEIN,HANDICAP BOONDOCK,PARK CITIZEN,OSCAR GOLD,POTTER CONNECTICUT,SPLENDOR PATTON,WASTELAND DIVINE,BILL OTHERS,CHITTY LOCK,DALMATIONS SWEDEN,JACKET FRISCO,HOUSE DYNAMITE,SPLASH GUMP,HOLIDAY GAMES,MUPPET MILE,VISION TORQUE,SLEUTH ORIENT,ROCK INSTINCT,BREAKFAST GOLDFINGER,VOICE PEACH,SILVERADO GOLDFINGER,SENSE GREEK,SLIPPER FIDELITY,ENOUGH RAGING",413,1525.87
496,ALAN DREYFUSS,"CLUELESS BUCKET,CLASH FREDDY,MASSAGE IMAGE,JUMPING WRATH,POLISH BROOKLYN,STRANGELOVE DESIRE,UPTOWN YOUNG,CRAZY HOME,LONELY ELEPHANT,STRICTLY SCARFACE,METAL ARMAGEDDON,SAGEBRUSH CLUELESS,GREEDY ROOTS,BLANKET BEVERLY,MAGUIRE APACHE,RUSH GOODFELLAS,BULWORTH COMMANDMENTS,FIDELITY DEVIL,BIRCH ANTITRUST,MONSTER SPARTACUS,UNCUT SUICIDES,VAMPIRE WHALE,BADMAN DAWN,BARBARELLA STREETCAR,DIVIDE MONSTER,HAUNTED ANTITRUST,KICK SAVANNAH",467,1841.33
429,ALBERT JOHANSSON,"FIGHT JAWBREAKER,HARPER DYING,CROOKED FROGMEN,WALLS ARTIST,LEAGUE HELLFIGHTERS,RIGHT CRANES,HEAVEN FREEDOM,SWEDEN SHINING,HOMEWARD CIDER,METAL ARMAGEDDON,ROAD ROXANNE,VIRGINIAN PLUTO,WEDDING APOLLO,APOLLO TEEN,DECEIVER BETRAYED,LEBOWSKI SOLDIERS,WEST LION,ALLEY EVOLUTION,DANGEROUS UPTOWN,CANDLES GRAPES,MONSOON CAUSE,TREASURE COMMAND,UNDEFEATED DALMATIONS,ALASKA PHANTOM,ELF MURDER,GROSSE WONDERFUL,FLAMINGOS CONNECTICUT,REDEMPTION COMFORTS,CONNECTICUT TRAMP,EXPRESS LONELY,CRUSADE HONEY,GRACELAND DYNAMITE,HONEY TIES",521,2202.78
429,ALBERT NOLTE,"DRAGON SQUAD,HANDICAP BOONDOCK,PATRIOT ROMAN,DOCTOR GRAIL,IDOLS SNATCHERS,CRAZY HOME,FLINTSTONES HAPPINESS,MEMENTO ZOOLANDER,BED HIGHBALL,KILL BROTHERHOOD,BRIGHT ENCOUNTERS,DALMATIONS SWEDEN,PITY BOUND,CONFUSED CANDLES,HOMICIDE PEACH,MANCHURIAN CURTAIN,RAGE GAMES,BROOKLYN DESERT,HELLFIGHTERS SIERRA,MIXED DOORS,NEWTON LABYRINTH,TRAP GUYS,VOLCANO TEXAS,WATERSHIP FRONTIER,TAXI KICK,CAMELOT VACATION,FRISCO FORREST,GOLDMINE TYCOON,MOURNING PURPLE,GLEAMING JAWBREAKER,HONEY TIES",524,2183.75
342,ALEC WAYNE,"BULL SHAWSHANK,CABIN FLASH,MAGIC MALLRATS,UPTOWN YOUNG,CENTER DINOSAUR,JEOPARDY ENCINO,SUMMER SCARFACE,FREEDOM CLEOPATRA,HUSTLER PARTY,SMOKING BARBARELLA,BLADE POLISH,CONEHEADS SMOOCHY,ENCOUNTERS CURTAIN,VIRGIN DAISY,EFFECT GLADIATOR,FICTION CHRISTMAS,OUTBREAK DIVINE,CHAMBER ITALIAN,INSIDER ARIZONA,DESTINY SATURDAY,HOURS RAGE,MONEY HAROLD,EXPRESS LONELY,IDENTITY LOVER,REIGN GENTLEMEN,ALADDIN CALENDAR,JOON NORTHWEST,LIBERTY MAGNIFICENT,FUGITIVE MAGUIRE",492,1917.11
496,ANGELA HUDSON,"BRIDE INTRIGUE,GOSFORD DONNIE,LUKE MUMMY,NASH CHOCOLAT,JUMPING WRATH,ROBBERS JOON,STRANGELOVE DESIRE,ISLAND EXORCIST,PREJUDICE OLEANDER,VOYAGE LEGALLY,ELEMENT FREDDY,VELVET TERMINATOR,METAL ARMAGEDDON,PITY BOUND,JASON TRAP,AUTUMN CROW,BULWORTH COMMANDMENTS,CANDLES GRAPES,MALTESE HOPE,JAPANESE RUN,PARIS WEEKEND,WATERSHIP FRONTIER,CLONES PINOCCHIO,HANOVER GALAXY,LEGEND JEDI,FATAL HAUNTED,ARMAGEDDON LOST,FRISCO FORREST,RANDOM GO,LESSON CLEOPATRA,MILE MULAN,CASSIDY WYOMING,GAMES BOWFINGER,KICK SAVANNAH",574,2361.25999999999
894,ANGELA WITHERSPOON,"BERETS AGENT,BULL SHAWSHANK,CELEBRITY HORN,ALTER VICTORY,WAIT CIDER,CORE SUIT,DETECTIVE VISION,BRINGING HYSTERICAL,CAT CONEHEADS,COAST RAINBOW,HALLOWEEN NUTS,SECRET GROUNDHOG,BLADE POLISH,EDGE KISSING,HANGING DEEP,JACKET FRISCO,KWAI HOMEWARD,RUSH GOODFELLAS,STEPMOM DREAM,SASSY PACKER,PULP BEVERLY,LUCKY FLYING,BOULEVARD MOB,DAY UNFAITHFUL,FIDDLER LOST,CHANCE RESURRECTION,DUDE BLINDNESS,EVOLUTION ALTER,EXORCIST STING,MOTHER OLEANDER,PEAK FOREVER,CASABLANCA SUPER,CASSIDY WYOMING,SHAWSHANK BUBBLE,TOMATOES HELLFIGHTERS",654,2614.45999999998
648,ANGELINA ASTAIRE,"STORY SIDE,DESIRE ALIEN,INTENTIONS EMPIRE,BENEATH RUSH,BETRAYED REAR,BEAST HUNCHBACK,SUMMER SCARFACE,HUSTLER PARTY,MEMENTO ZOOLANDER,MULAN MOON,SATURN NAME,PACIFIC AMISTAD,RACER EGG,WARDROBE PHANTOM,GANDHI KWAI,KILLER INNOCENT,SUNSET RACER,SEVEN SWARM,CARRIE BUNCH,SWARM GOLD,BREAKFAST GOLDFINGER,DRAGONFLY STRANGERS,SAMURAI LION,VANISHED GARDEN,DISTURBING SCARFACE,TROJAN TOMORROW,CRANES RESERVOIR,JADE BUNCH,MUMMY CREATURES,ORDER BETRAYED,OUTLAW HANKY",492,1909.08
977,ANNE CRONYN,"DRAGON SQUAD,LUST LOCK,MINDS TRUMAN,UPRISING UPTOWN,HORN WORKING,HOLLYWOOD ANONYMOUS,IRON MOON,REQUIEM TYCOON,HARDLY ROBBERS,HAWK CHILL,ENCOUNTERS CURTAIN,PATHS CONTROL,RACER EGG,APACHE DIVINE,GANDHI KWAI,HALF OUTFIELD,DANGEROUS UPTOWN,MOON BUNCH,LADY STAGE,REAP UNFAITHFUL,WIZARD COLDBLOODED,MANNEQUIN WORST,CINCINATTI WHISPERER,CROWDS TELEMARK,RIDER CADDYSHACK,SMILE EARRING,WINDOW SIDE",402,1775.96
472,AUDREY BAILEY,"ARK RIDGEMONT,DRIFTER COMMANDMENTS,MAGNOLIA FORRESTER,SKY MIRACLE,POTTER CONNECTICUT,WARLOCK WEREWOLF,TADPOLE PARK,BED HIGHBALL,QUILLS BULL,CONFESSIONS MAGUIRE,PILOT HOOSIERS,PITTSBURGH HUNCHBACK,PRESIDENT BANG,NEWTON LABYRINTH,PURPLE MOVIE,FEVER EMPIRE,BANGER PINOCCHIO,ELF MURDER,HEAVENLY GUN,HOME PITY,MASKED BUBBLE,SLEEPY JAPANESE,DISTURBING SCARFACE,GRAFFITI LOVE,MUMMY CREATURES,BOONDOCK BALLROOM,ITALIAN AFRICAN",333,1390.68
125,AUDREY OLIVIER,"SIDE ARK,STRANGER STRANGERS,LOATHING LEGALLY,VOLUME HOUSE,CAPER MOTIONS,CONTROL ANTHEM,KNOCK WARLOCK,FRENCH HOLIDAY,HALLOWEEN NUTS,SHIP WONDERLAND,CONEHEADS SMOOCHY,ATLANTIS CAUSE,KANE EXORCIST,USUAL UNTOUCHABLES,WHALE BIKINI,HUMAN GRAFFITI,DORADO NOTTING,BOULEVARD MOB,REDEMPTION COMFORTS,STING PERSONAL,GUNFIGHTER MUSSOLINI,PEAK FOREVER,SENSE GREEK,SQUAD FISH,CASSIDY WYOMING",394,1869.06
169,BELA WALKEN,"FANTASY TROOPERS,LUKE MUMMY,NASH CHOCOLAT,HOLLYWOOD ANONYMOUS,LEGALLY SECRETARY,SPLENDOR PATTON,JERK PAYCHECK,SNATCHERS MONTEZUMA,ELEMENT FREDDY,FLINTSTONES HAPPINESS,LION UNCUT,STAGE WORLD,TRAMP OTHERS,VERTIGO NORTHWEST,CLERKS ANGELS,MIDSUMMER GROUNDHOG,MIGHTY LUCK,MOD SECRETARY,BEETHOVEN EXORCIST,JACKET FRISCO,SIEGE MADRE,TRAP GUYS,MARS ROMAN,PIZZA JUMANJI,TYCOON GATHERING,CARRIE BUNCH,ENEMY ODDS,OKLAHOMA JUMANJI,WHISPERER GIANT,COMFORTS RUSH",450,1917.5
898,BEN HARRIS,"FIREHOUSE VIETNAM,UPRISING UPTOWN,WATERFRONT DELIVERANCE,WEREWOLF LOLA,NASH CHOCOLAT,BEAR GRACELAND,SCARFACE BANG,MILLION ACE,MUSKETEERS WAIT,TIMBERLAND SKY,FRANKENSTEIN STRANGER,PINOCCHIO SIMON,DOZEN LION,JASON TRAP,MUPPET MILE,PET HAUNTING,SORORITY QUEEN,DAZED PUNK,JAPANESE RUN,STING PERSONAL,CITIZEN SHREK,RIDER CADDYSHACK,TOURIST PELICAN",314,1600.86
784,BEN WILLIS,"CAROL TEXAS,EARLY HOME,NASH CHOCOLAT,CABIN FLASH,SPLENDOR PATTON,SWEETHEARTS SUSPECTS,DRACULA CRYSTAL,DOWNHILL ENOUGH,LONELY ELEPHANT,PERFECT GROOVE,VALLEY PACKER,BEACH HEARTBREAKERS,HEAVYWEIGHTS BEAST,BALLROOM MOCKINGBIRD,DAZED PUNK,ENCINO ELF,FRONTIER CABIN,PLUTO OLEANDER,BADMAN DAWN,COLDBLOODED DARLING,GOODFELLAS SALUTE,PANTHER REDS,CARIBBEAN LIBERTY,CHANCE RESURRECTION,DURHAM PANKY,ELIZABETH SHANE,LIBERTY MAGNIFICENT,NOVOCAINE FLIGHT,RECORDS ZORRO,SATURDAY LAMBS,SECRETARY ROUGE,FROGMEN BREAKING,SHANGHAI TYCOON",551,2459.48999999999
826,BETTE NICHOLSON,"ANTITRUST TOMATOES,BIKINI BORROWERS,CROSSROADS CASUALTIES,POTLUCK MIXED,TITANIC BOONDOCK,LANGUAGE COWBOY,BEAST HUNCHBACK,COAST RAINBOW,BANG KWAI,CALENDAR GUNFIGHT,MULHOLLAND BEAST,WYOMING STORM,COLDBLOODED DARLING,DROP WATERFRONT,KRAMER CHOCOLATE,LESSON CLEOPATRA,LIBERTY MAGNIFICENT,TRADING PINOCCHIO,IGBY MAKER,SPEED SUIT",279,1402.21
785,BOB FAWCETT,"DARN FORRESTER,DARES PLUTO,LAWLESS VISION,OSCAR GOLD,CIRCUS YOUTH,DYNAMITE TARZAN,CONTROL ANTHEM,HATE HANDICAP,SADDLE ANTITRUST,ADAPTATION HOLES,PELICAN COMFORTS,JACKET FRISCO,SCORPION APOLLO,HOMICIDE PEACH,DAZED PUNK,ACE GOLDFINGER,PERSONAL LADYBUGS,RUNNER MADIGAN,TAXI KICK,CHINATOWN GLADIATOR,JUMANJI BLADE,RUN PACIFIC,RAGING AIRPLANE,LEATHERNECKS DWARFS,SHAWSHANK BUBBLE",334,1496.67
931,BURT DUKAKIS,"TRUMAN CRAZY,DOUBLE WRATH,MENAGERIE RUSHMORE,JERK PAYCHECK,RIGHT CRANES,HEAVEN FREEDOM,HOMEWARD CIDER,INTOLERABLE INTENTIONS,DINOSAUR SECRETARY,KING EVOLUTION,RANGE MOONWALKER,ALIEN CENTER,GREEK EVERYONE,KANE EXORCIST,GRINCH MASSAGE,GUN BONNIE,WANDA CHAMBER,COMMANDMENTS EXPRESS,MOTIONS DETAILS,REAP UNFAITHFUL,HOME PITY,ENDING CROWDS,MONEY HAROLD,BLINDNESS GUN,GUYS FALCON,RANDOM GO,IMAGE PRINCESS,TALENTED HOMICIDE,VALENTINE VANISHING",456,1804.45
645,BURT POSEY,"MINDS TRUMAN,LUKE MUMMY,MAGIC MALLRATS,HYDE DOCTOR,ROOTS REMEMBER,CHILL LUCK,KILLER INNOCENT,SENSIBILITY REAR,COMMAND DARLING,LAMBS CINCINATTI,ARABIA DOGMA,DESERT POSEIDON,FAMILY SWEET,SWARM GOLD,ALASKA PHANTOM,HOURS RAGE,JUNGLE CLOSER,UNBREAKABLE KARATE,GRACELAND DYNAMITE,HYSTERICAL GRAIL,PEACH INNOCENT,SATURDAY LAMBS,GAMES BOWFINGER,OTHERS SOUP",404,1662.93
103,BURT TEMPLE,"WAIT CIDER,GILMORE BOILED,SPIKING ELEMENT,CAPER MOTIONS,COAST RAINBOW,HEAVYWEIGHTS BEAST,SPOILERS HELLFIGHTERS,WARS PLUTO,RACER EGG,BLANKET BEVERLY,GRAPES FURY,POLLOCK DELIVERANCE,CHICAGO NORTH,GATHERING CALENDAR,SLEUTH ORIENT,INSIDER ARIZONA,BUTTERFLY CHOCOLAT,VARSITY TRIP,ATTACKS HATE,EVOLUTION ALTER,ROSES TREASURE,STRAIGHT HOURS,BUCKET BROTHERHOOD",444,1644.54
405,CAMERON STREEP,"CASUALTIES ENCINO,CROW GREASE,LEGALLY SECRETARY,CONNECTION MICROCOSMOS,DOOM DANCING,FREEDOM CLEOPATRA,PURE RUNNER,ADAPTATION HOLES,COAST RAINBOW,CUPBOARD SINNERS,MOB DUFFEL,WEST LION,BLUES INSTINCT,MOVIE SHAKESPEARE,SPINAL ROCKY,SPLASH GUMP,CALENDAR GUNFIGHT,CHOCOLATE DUCK,SEVEN SWARM,ELEPHANT TROJAN,PANIC CLUB,DROP WATERFRONT,INSTINCT AIRPORT,HAUNTED ANTITRUST",318,1421.83
981,CAMERON WRAY,"CHAMPION FLATLINERS,DARES PLUTO,HALL CASSIDY,DRACULA CRYSTAL,OCTOBER SUBMARINE,VALLEY PACKER,DOZEN LION,VIRGINIAN PLUTO,DESTINATION JERK,VIRGIN DAISY,SEVEN SWARM,ELF MURDER,BINGO TALENTED,TITANS JERK,LESSON CLEOPATRA,SATISFACTION CONFIDENTIAL,SLIPPER FIDELITY,COMA HEAD,WOLVES DESIRE",303,1327.97
894,CAMERON ZELLWEGER,"CLUELESS BUCKET,CROW GREASE,RINGS HEARTBREAKERS,BLACKOUT PRIVATE,FLOATS GARDEN,JUGGLER HARDLY,MURDER ANTITRUST,RIGHT CRANES,ROOTS REMEMBER,WASTELAND DIVINE,MALLRATS UNITED,PINOCCHIO SIMON,HAWK CHILL,WIFE TURN,BEAUTY GREASE,BRIGHT ENCOUNTERS,CONQUERER NUTS,HARRY IDAHO,ORIENT CLOSER,GLADIATOR WESTWARD,MOVIE SHAKESPEARE,PILOT HOOSIERS,HELLFIGHTERS SIERRA,PEARL DESTINY,GRIT CLOCKWORK,LAMBS CINCINATTI,PRIVATE DROP,TYCOON GATHERING,ROCK INSTINCT,STOCK GLASS,JADE BUNCH,SECRETARY ROUGE,TOMATOES HELLFIGHTERS",560,2529.40999999998
878,CARMEN HUNT,"PATRIOT ROMAN,TRUMAN CRAZY,HOLOCAUST HIGHBALL,LEGALLY SECRETARY,ZOOLANDER FICTION,DRACULA CRYSTAL,FROST HEAD,VOYAGE LEGALLY,GUNFIGHT MOON,HAWK CHILL,SMOKING BARBARELLA,GRAPES FURY,MIXED DOORS,POLLOCK DELIVERANCE,MOONSHINE CABIN,BOWFINGER GABLES,AMELIE HELLFIGHTERS,TELEGRAPH VOYAGE,BREAKING HOME,BUTCH PANTHER,PHANTOM GLORY,DAISY MENAGERIE,RANDOM GO,JADE BUNCH,LESSON CLEOPATRA,TEEN APOLLO",409,1621.9
224,CARY MCCONAUGHEY,"BLACKOUT PRIVATE,DOUBLE WRATH,WATCH TRACY,FULL FLATLINERS,WRONG BEHAVIOR,PREJUDICE OLEANDER,VELVET TERMINATOR,ARMY FLINTSTONES,DUFFEL APOCALYPSE,VILLAIN DESPERATE,WEST LION,HUNTING MUSKETEERS,INDIAN LOVE,MAUDE MOD,ALI FOREVER,RULES HUMAN,AMISTAD MIDSUMMER,LOVERBOY ATTACKS,OKLAHOMA JUMANJI,BINGO TALENTED,CITIZEN SHREK,DOLLS RAGE,MUSSOLINI SPOILERS,DESPERATE TRAINSPOTTING",343,1330.57
787,CATE HARRIS,"BERETS AGENT,HANDICAP BOONDOCK,DESIRE ALIEN,STORM HAPPINESS,CROOKED FROGMEN,JUMPING WRATH,SCARFACE BANG,FROST HEAD,GILMORE BOILED,SUMMER SCARFACE,CRAZY HOME,MODERN DORADO,WRATH MILE,SEA VIRGIN,ATLANTIS CAUSE,SPINAL ROCKY,DANGEROUS UPTOWN,GREEK EVERYONE,INTRIGUE WORST,MUPPET MILE,SORORITY QUEEN,STAMPEDE DISTURBING,ROLLERCOASTER BRINGING,TREASURE COMMAND,PERSONAL LADYBUGS,RUNNER MADIGAN,SUN CONFESSIONS,SHINING ROSES",462,1360.37
299,CATE MCQUEEN,"DARN FORRESTER,FLYING HOOK,MASSAGE IMAGE,POTTER CONNECTICUT,PRIDE ALAMO,COMANCHEROS ENEMY,DOCTOR GRAIL,JERSEY SASSY,TOWERS HURRICANE,CAPER MOTIONS,SEARCHERS WAIT,SNATCH SLIPPER,FRENCH HOLIDAY,HAWK CHILL,PACIFIC AMISTAD,VIRGIN DAISY,BLOOD ARGONAUTS,GABLES METROPOLIS,NAME DETECTIVE,VOLCANO TEXAS,PATTON INTERVIEW,WATERSHIP FRONTIER,INSIDER ARIZONA,LEGEND JEDI,SALUTE APOLLO,ANNIE IDENTITY,FIDDLER LOST,TROJAN TOMORROW,PERDITION FARGO,FACTORY DRAGON",461,1765.38
342,CHARLIZE DENCH,"CLUELESS BUCKET,DARN FORRESTER,LUST LOCK,PRIMARY GLASS,MASSAGE IMAGE,SPLENDOR PATTON,SUNDANCE INVASION,DYNAMITE TARZAN,WESTWARD SEABISCUIT,CONTROL ANTHEM,HEAVEN FREEDOM,LONELY ELEPHANT,JACKET FRISCO,BABY HALL,CANDLES GRAPES,FEATHERS METAL,HAUNTING PIANIST,WIND PHANTOM,CRANES RESERVOIR,DRIVER ANNIE,HYSTERICAL GRAIL,JOON NORTHWEST,BUCKET BROTHERHOOD,FUGITIVE MAGUIRE",439,1598.58
87,CHRIS BRIDGES,"CROW GREASE,DARN FORRESTER,BENEATH RUSH,WALLS ARTIST,EXTRAORDINARY CONQUERER,REQUIEM TYCOON,SATURN NAME,BILL OTHERS,ROAD ROXANNE,BUNCH MINDS,CONVERSATION DOWNHILL,ODDS BOOGIE,RAGE GAMES,SPARTACUS CHEAPER,SPINAL ROCKY,MUPPET MILE,PURPLE MOVIE,ROCKETEER MOTHER,WORLD LEATHERNECKS,REDS POCUS,PLUTO OLEANDER,BLINDNESS GUN,TROJAN TOMORROW,WONDERLAND CHRISTMAS,CARIBBEAN LIBERTY,SHAKESPEARE SADDLE,BOONDOCK BALLROOM",359,1719.4
826,CHRIS DEPP,"MINDS TRUMAN,SIDE ARK,SABRINA MIDNIGHT,TEQUILA PAST,IRON MOON,JERK PAYCHECK,VOLUME HOUSE,DOOM DANCING,PARTY KNOCK,GONE TROUBLE,ATLANTIS CAUSE,IMPOSSIBLE PREJUDICE,SCHOOL JACKET,ACE GOLDFINGER,EGYPT TENENBAUMS,ALONE TRIP,SCALAWAG DUCK,EAGLES PANKY,WAKE JAWS,SPEED SUIT",283,1420.17
254,CHRISTIAN AKROYD,"HILLS NEIGHBORS,MAGNOLIA FORRESTER,DOORS PRESIDENT,LUKE MUMMY,BACKLASH UNDEFEATED,BETRAYED REAR,MAKER GABLES,SABRINA MIDNIGHT,MILLION ACE,CAPER MOTIONS,DOOM DANCING,OPERATION OPERATION,SUBMARINE BED,CUPBOARD SINNERS,PRINCESS GIANT,CONFUSED CANDLES,CATCH AMISTAD,INNOCENT USUAL,RESERVOIR ADAPTATION,FEATHERS METAL,FIRE WOLVES,SINNERS ATLANTIS,STREETCAR INTENTIONS,HOME PITY,JAWBREAKER BROOKLYN,MAIDEN HOME,NUTS TIES,OKLAHOMA JUMANJI,DIVIDE MONSTER,MOURNING PURPLE,CHANCE RESURRECTION,DRIVER ANNIE",552,2611.48999999997
914,CHRISTIAN GABLE,"LORD ARIZONA,WATERFRONT DELIVERANCE,PUNK DIVORCE,CROOKED FROGMEN,JEEPERS WEDDING,PREJUDICE OLEANDER,LIFE TWISTED,ACADEMY DINOSAUR,MOD SECRETARY,WEDDING APOLLO,GOLDFINGER SENSIBILITY,USUAL UNTOUCHABLES,DIVINE RESURRECTION,ALABAMA DEVIL,REAP UNFAITHFUL,JAWBREAKER BROOKLYN,WIZARD COLDBLOODED,WON DARES,DRAGONFLY STRANGERS,VACATION BOONDOCK,SHAKESPEARE SADDLE,TROUBLE DATE",362,1535.39
648,CHRISTIAN NEESON,"HORN WORKING,OZ LIAISONS,PUNK DIVORCE,HOLLYWOOD ANONYMOUS,LOVER TRUMAN,MOB DUFFEL,SAVANNAH TOWN,OPPOSITE NECKLACE,SENSIBILITY REAR,SPLASH GUMP,GLORY TRACY,LAMBS CINCINATTI,LOVE SUICIDES,WORLD LEATHERNECKS,RUNNER MADIGAN,SCALAWAG DUCK,DIVIDE MONSTER,GRAFFITI LOVE,SPIRITED CASUALTIES,DIVORCE SHINING,GRACELAND DYNAMITE,LIBERTY MAGNIFICENT,FELLOWSHIP AUTUMN,LIAISONS SWEET,OUTLAW HANKY",372,1543.28
181,CHRISTOPHER BERRY,"LAWRENCE LOVE,WOMEN DORADO,STORM HAPPINESS,SUGAR WONKA,BACKLASH UNDEFEATED,LANGUAGE COWBOY,MURDER ANTITRUST,CREEPERS KANE,JEEPERS WEDDING,FREEDOM CLEOPATRA,SPINAL ROCKY,HIGHBALL POTTER,KANE EXORCIST,ICE CROSSING,SLEUTH ORIENT,VIDEOTAPE ARSENIC,ALI FOREVER,ANGELS LIFE,CONGENIALITY QUEST,CONTACT ANONYMOUS",371,1379.3
785,CHRISTOPHER WEST,"FANTASY TROOPERS,DOGMA FAMILY,FARGO GANDHI,HEARTBREAKERS BRIGHT,SPLENDOR PATTON,COLOR PHILADELPHIA,CONSPIRACY SPIRIT,TIMBERLAND SKY,HUSTLER PARTY,LIFE TWISTED,YOUNG LANGUAGE,VISION TORQUE,ANYTHING SAVANNAH,TEMPLE ATTRACTION,ATTRACTION NEWTON,ENDING CROWDS,HAMLET WISDOM,RECORDS ZORRO,FELLOWSHIP AUTUMN,HORROR REIGN,SHAWSHANK BUBBLE",377,1726.23
656,CUBA ALLEN,"MAKER GABLES,ROBBERS JOON,STRANGELOVE DESIRE,VELVET TERMINATOR,SHIP WONDERLAND,WEST LION,KING EVOLUTION,PRESIDENT BANG,FICTION CHRISTMAS,HAPPINESS UNITED,ORANGE GRAPES,WAR NOTTING,CHICAGO NORTH,ARACHNOPHOBIA ROLLERCOASTER,GROSSE WONDERFUL,CHAPLIN LICENSE,MANNEQUIN WORST,ARMAGEDDON LOST,BADMAN DAWN,BARBARELLA STREETCAR,CINCINATTI WHISPERER,METROPOLIS COMA,LESSON CLEOPATRA,ARSENIC INDEPENDENCE,PAPI NECKLACE",381,1670.19
940,CUBA BIRCH,"RUGRATS SHAKESPEARE,SONS INTERVIEW,LANGUAGE COWBOY,STRANGER STRANGERS,TOOTSIE PILOT,DYNAMITE TARZAN,LEAGUE HELLFIGHTERS,MAGNIFICENT CHITTY,TOWERS HURRICANE,ROAD ROXANNE,SHIP WONDERLAND,EDGE KISSING,TENENBAUMS COMMAND,ATLANTIS CAUSE,BLOOD ARGONAUTS,FINDING ANACONDA,LOST BIRD,MARS ROMAN,COMMANDMENTS EXPRESS,GREATEST NORTH,JUNGLE CLOSER,LIBERTY MAGNIFICENT,NORTHWEST POLISH,VICTORY ACADEMY",361,1370.38
783,CUBA OLIVIER,"MONTEZUMA COMMAND,WEREWOLF LOLA,BORROWERS BEDAZZLED,FLYING HOOK,LUKE MUMMY,THEORY MERMAID,EMPIRE MALKOVICH,MAKER GABLES,NOON PAPI,BOUND CHEAPER,HYDE DOCTOR,KNOCK WARLOCK,APACHE DIVINE,SIEGE MADRE,HELLFIGHTERS SIERRA,KISS GLORY,DIVINE RESURRECTION,VOLCANO TEXAS,EGYPT TENENBAUMS,BUTCH PANTHER,OKLAHOMA JUMANJI,SOLDIERS EVOLUTION,UNFORGIVEN ZOOLANDER,WONDERLAND CHRISTMAS,ROSES TREASURE,CASSIDY WYOMING,FUGITIVE MAGUIRE,SHANE DARKNESS",460,1799.38
868,DAN HARRIS,"HILLS NEIGHBORS,TITANIC BOONDOCK,GHOST GROUNDHOG,SUMMER SCARFACE,INDEPENDENCE HOTEL,LIES TREATMENT,REUNION WITCHES,BEDAZZLED MARRIED,SIEGE MADRE,HOLIDAY GAMES,SCHOOL JACKET,DIVINE RESURRECTION,SEVEN SWARM,MONTEREY LABYRINTH,WATERSHIP FRONTIER,INSIDER ARIZONA,VANISHING ROCKY,DESTINY SATURDAY,RUN PACIFIC,EYES DRIVING,TITANS JERK,GROOVE FICTION,JADE BUNCH,STEERS ARMAGEDDON,STRAIGHT HOURS,BOONDOCK BALLROOM,FELLOWSHIP AUTUMN,SUPERFLY TRIP",458,1912.42
784,DAN STREEP,"BULL SHAWSHANK,ARGONAUTS TOWN,BACKLASH UNDEFEATED,VERTIGO NORTHWEST,FRENCH HOLIDAY,HEAVYWEIGHTS BEAST,NEWSIES STORY,CATCH AMISTAD,MIXED DOORS,ROOF CHAMPION,WANDA CHAMBER,PANIC CLUB,GROSSE WONDERFUL,OUTFIELD MASSACRE,BOULEVARD MOB,JEKYLL FROGMEN,JUNGLE CLOSER,FRISCO FORREST,HOLES BRANNIGAN,MUMMY CREATURES,STEERS ARMAGEDDON,BORN SPINAL,IGBY MAKER,SHANGHAI TYCOON",289,1380.12
386,DAN TORN,"REAR TRADING,EARLY HOME,EMPIRE MALKOVICH,TEQUILA PAST,JERK PAYCHECK,LOVELY JINGLE,SLING LUKE,CONEHEADS SMOOCHY,VIRGIN DAISY,INNOCENT USUAL,STATE WASTELAND,INSIDER ARIZONA,CHINATOWN GLADIATOR,FLASH WARS,MASK PEACH,ATTACKS HATE,SUN CONFESSIONS,ELIZABETH SHANE,MUSSOLINI SPOILERS,TUXEDO MILE,BOILED DARES,GUMP DATE",306,1419.95
826,DARYL CRAWFORD,"BAREFOOT MANCHURIAN,BORROWERS BEDAZZLED,SLEEPLESS MONSOON,COLOR PHILADELPHIA,DRACULA CRYSTAL,ISLAND EXORCIST,WASTELAND DIVINE,DADDY PITTSBURGH,DOWNHILL ENOUGH,STRICTLY SCARFACE,VELVET TERMINATOR,BROTHERHOOD BLANKET,SPOILERS HELLFIGHTERS,DIARY PANIC,HOBBIT ALIEN,TREATMENT JEKYLL,GANDHI KWAI,HALF OUTFIELD,HOOSIERS BIRDCAGE,ILLUSION AMELIE,OPUS ICE,PEARL DESTINY,PURPLE MOVIE,MOONWALKER FOOL,PIZZA JUMANJI,UNBREAKABLE KARATE,GOLDMINE TYCOON,LICENSE WEEKEND,MOURNING PURPLE,SPEED SUIT",511,1850.9
903,DARYL WAHLBERG,"CASUALTIES ENCINO,FORREST SONS,GRAIL FRANKENSTEIN,RUGRATS SHAKESPEARE,DOUBLE WRATH,POND SEATTLE,HOLOCAUST HIGHBALL,SPIKING ELEMENT,LIFE TWISTED,NORTH TEQUILA,STREAK RIDGEMONT,UNFAITHFUL KILL,KILLER INNOCENT,BABY HALL,BALLROOM MOCKINGBIRD,DANGEROUS UPTOWN,GENTLEMEN STAGE,HOOSIERS BIRDCAGE,MADRE GABLES,ARACHNOPHOBIA ROLLERCOASTER,BEHAVIOR RUNAWAY,FAMILY SWEET,BIRCH ANTITRUST,AMISTAD MIDSUMMER,MAIDEN HOME,FIDDLER LOST,HOLES BRANNIGAN,NEIGHBORS CHARADE,SMOOCHY CONTROL,EXPECATIONS NATURAL,TRAFFIC HOBBIT",466,1936.34
940,DEBBIE AKROYD,"CLUB GRAFFITI,SUNDANCE INVASION,GALAXY SWEETHEARTS,SPIKING ELEMENT,FLINTSTONES HAPPINESS,HEDWIG ALTER,APOLLO TEEN,HALF OUTFIELD,HOUSE DYNAMITE,OPPOSITE NECKLACE,PILOT HOOSIERS,PRESIDENT BANG,HOLIDAY GAMES,STEPMOM DREAM,GLORY TRACY,FAMILY SWEET,WORLD LEATHERNECKS,SONG HEDWIG,MONEY HAROLD,PIANIST OUTFIELD,REDEMPTION COMFORTS,RANDOM GO,PEAK FOREVER,VICTORY ACADEMY",370,1497.28
88,DUSTIN TAUTOU,"CELEBRITY HORN,DARKO DORADO,CAROL TEXAS,DONNIE ALLEY,OSCAR GOLD,STRANGER STRANGERS,PREJUDICE OLEANDER,SUMMER SCARFACE,BILL OTHERS,CAUSE DATE,EXPENDABLE STALLION,PACIFIC AMISTAD,RAINBOW SHOCK,VILLAIN DESPERATE,HOBBIT ALIEN,SEA VIRGIN,AFRICAN EGG,CONVERSATION DOWNHILL,VIRTUAL SPOILERS,POLLOCK DELIVERANCE,WONDERFUL DROP,AUTUMN CROW,PULP BEVERLY,RULES HUMAN,BANGER PINOCCHIO,METROPOLIS COMA,BORN SPINAL",471,2050.28
87,ED CHASE,"CADDYSHACK JEDI,FORREST SONS,FROST HEAD,JEEPERS WEDDING,ARMY FLINTSTONES,FRENCH HOLIDAY,HALLOWEEN NUTS,HUNTER ALTER,WEDDING APOLLO,YOUNG LANGUAGE,LUCK OPUS,NECKLACE OUTBREAK,SPICE SORORITY,COWBOY DOOM,WHALE BIKINI,ALONE TRIP,EVE RESURRECTION,PLATOON INSTINCT,WEEKEND PERSONAL,ARTIST COLDBLOODED,IMAGE PRINCESS,BOONDOCK BALLROOM",311,1322.89
931,ED GUINESS,"DRAGON SQUAD,RINGS HEARTBREAKERS,CROSSROADS CASUALTIES,JUGGLER HARDLY,INVASION CYCLONE,MODEL FISH,STRANGELOVE DESIRE,CENTER DINOSAUR,CLOSER BANG,BONNIE HOLOCAUST,PACIFIC AMISTAD,PRINCESS GIANT,WARS PLUTO,GENTLEMEN STAGE,MAUDE MOD,SCHOOL JACKET,WIND PHANTOM,ANALYZE HOOSIERS,BEHAVIOR RUNAWAY,HIGH ENCINO,ROCK INSTINCT,BUTTERFLY CHOCOLAT,SOLDIERS EVOLUTION,UNFORGIVEN ZOOLANDER,ANONYMOUS HUMAN,EVOLUTION ALTER,INSTINCT AIRPORT,SMILE EARRING,VALENTINE VANISHING",521,1992.8
288,ED MANSFIELD,"BAREFOOT MANCHURIAN,DEVIL DESIRE,EASY GLADIATOR,LUST LOCK,CROSSROADS CASUALTIES,DOORS PRESIDENT,FALCON VOLUME,OZ LIAISONS,DAUGHTER MADIGAN,JERSEY SASSY,WRONG BEHAVIOR,SLING LUKE,MAJESTIC FLOATS,APOLLO TEEN,BEAUTY GREASE,HAROLD FRENCH,SOMETHING DUCK,DUMBO LUST,HELLFIGHTERS SIERRA,SEVEN SWARM,STATE WASTELAND,AMELIE HELLFIGHTERS,ANGELS LIFE,GODFATHER DIARY,PLUTO OLEANDER,SLEEPY JAPANESE,VAMPIRE WHALE,NEMO CAMPUS,DROP WATERFRONT,HOLES BRANNIGAN,JADE BUNCH,ESCAPE METROPOLIS",478,2323.20999999999
339,ELLEN PRESLEY,"WOMEN DORADO,FLOATS GARDEN,OSCAR GOLD,TURN STAR,CASPER DRAGONFLY,EMPIRE MALKOVICH,MICROCOSMOS PARADISE,SCARFACE BANG,HYDE DOCTOR,ROOTS REMEMBER,TADPOLE PARK,PINOCCHIO SIMON,HOMEWARD CIDER,JACKET FRISCO,BILKO ANONYMOUS,NETWORK PEAK,PRIVATE DROP,SPY MILE,STREETCAR INTENTIONS,TREASURE COMMAND,CARIBBEAN LIBERTY,IMAGE PRINCESS,PICKUP DRIVING,SECRETARY ROUGE,FROGMEN BREAKING",387,1718.13
648,ELVIS MARX,"BAREFOOT MANCHURIAN,CADDYSHACK JEDI,SKY MIRACLE,WATERFRONT DELIVERANCE,ANACONDA CONFESSIONS,BORROWERS BEDAZZLED,GANGS PRIDE,HOOK CHARIOTS,JUMPING WRATH,POLISH BROOKLYN,LOVELY JINGLE,RIGHT CRANES,CHITTY LOCK,HOBBIT ALIEN,SEATTLE EXPECATIONS,ODDS BOOGIE,JERICHO MULAN,ROOF CHAMPION,ALABAMA DEVIL,KENTUCKIAN GIANT,MOTIONS DETAILS,GOODFELLAS SALUTE,TROJAN TOMORROW,EVOLUTION ALTER,EXPECATIONS NATURAL,OUTLAW HANKY",417,1687.82
342,EMILY DEE,"CHRISTMAS MOONSHINE,INVASION CYCLONE,SCARFACE BANG,OCTOBER SUBMARINE,GONE TROUBLE,SEA VIRGIN,SHREK LICENSE,CHAMBER ITALIAN,REBEL AIRPORT,DESTINY SATURDAY,HOLLOW JEOPARDY,ANONYMOUS HUMAN,BASIC EASY,FUGITIVE MAGUIRE",216,883.850000000001
233,EWAN GOODING,"DEVIL DESIRE,JUGGLER HARDLY,TITANIC BOONDOCK,GRADUATE LORD,DYNAMITE TARZAN,ROOTS REMEMBER,SUMMER SCARFACE,LONELY ELEPHANT,DUFFEL APOCALYPSE,BUNCH MINDS,ENCOUNTERS CURTAIN,QUEEN LUKE,DUMBO LUST,COMMAND DARLING,MULHOLLAND BEAST,CURTAIN VIDEOTAPE,ICE CROSSING,ROUGE SQUAD,ARACHNOPHOBIA ROLLERCOASTER,AMELIE HELLFIGHTERS,BIRCH ANTITRUST,ENEMY ODDS,LUCKY FLYING,OLEANDER CLUE,BOULEVARD MOB,CLEOPATRA DEVIL,MOURNING PURPLE,MERMAID INSECTS,POSEIDON FOREVER,RECORDS ZORRO,BASIC EASY,CONTACT ANONYMOUS,DISCIPLE MOTHER",571,2264.30999999999
307,FAY KILMER,"WATCH TRACY,JERSEY SASSY,SNATCHERS MONTEZUMA,SECRET GROUNDHOG,HARRY IDAHO,RACER EGG,SHOOTIST SUPERFLY,SPICE SORORITY,MOVIE SHAKESPEARE,JET NEIGHBORS,AIRPORT POLLOCK,FLAMINGOS CONNECTICUT,FRONTIER CABIN,NEMO CAMPUS,VACATION BOONDOCK,ANONYMOUS HUMAN,CRUSADE HONEY,MUSSOLINI SPOILERS,BIRD INDEPENDENCE,FELLOWSHIP AUTUMN",336,1622.65
405,FAY WINSLET,"FIREHOUSE VIETNAM,HARPER DYING,OZ LIAISONS,POLISH BROOKLYN,SUNDANCE INVASION,CENTER DINOSAUR,FROST HEAD,MALKOVICH PET,CONNECTION MICROCOSMOS,HEAVEN FREEDOM,HURRICANE AFFAIR,BONNIE HOLOCAUST,EXPENDABLE STALLION,QUILLS BULL,CHASING FIGHT,CHISUM BEHAVIOR,HOOSIERS BIRDCAGE,WAR NOTTING,FEVER EMPIRE,LAMBS CINCINATTI,MASSACRE USUAL,AFFAIR PREJUDICE,GASLIGHT CRUSADE,FREAKY POCUS,WORDS HUNTER,DRAGONFLY STRANGERS,FATAL HAUNTED,EYES DRIVING,HAMLET WISDOM,DRIVER ANNIE,HAUNTED ANTITRUST",543,2226.57999999999
518,FAY WOOD,"GANGS PRIDE,EXTRAORDINARY CONQUERER,RUSHMORE MERMAID,GREEDY ROOTS,KWAI HOMEWARD,SEATTLE EXPECATIONS,BANG KWAI,DUMBO LUST,CRYSTAL BREAKING,INTRIGUE WORST,PURPLE MOVIE,OUTBREAK DIVINE,FAMILY SWEET,MONTEREY LABYRINTH,DORADO NOTTING,INSIDER ARIZONA,CLEOPATRA DEVIL,IDAHO LOVE,ENGLISH BULWORTH,DURHAM PANKY,STEERS ARMAGEDDON,LIAISONS SWEET",386,1475.13
645,FRANCES DAY-LEWIS,"ENTRAPMENT SATISFACTION,CHAMPION FLATLINERS,DOUBLE WRATH,GANGS PRIDE,BRINGING HYSTERICAL,BROTHERHOOD BLANKET,CIDER DESIRE,COAST RAINBOW,EXPENDABLE STALLION,SAGEBRUSH CLUELESS,UNTOUCHABLES SUNRISE,FINDING ANACONDA,GABLES METROPOLIS,HOMICIDE PEACH,MADNESS ATTACKS,PURPLE MOVIE,SHREK LICENSE,DARLING BREAKING,LADY STAGE,UNDEFEATED DALMATIONS,EAGLES PANKY,FIDDLER LOST,MARRIED GO,MERMAID INSECTS,MOTHER OLEANDER,OTHERS SOUP",486,2013.14
347,FRANCES TOMEI,"AMERICAN CIRCUS,CROW GREASE,CROSSROADS CASUALTIES,GORGEOUS BINGO,INVASION CYCLONE,IRON MOON,FIREBALL PHILADELPHIA,BEACH HEARTBREAKERS,BONNIE HOLOCAUST,CUPBOARD SINNERS,ATLANTIS CAUSE,HOCUS FRIDA,MADNESS ATTACKS,ARABIA DOGMA,BREAKING HOME,PLATOON INSTINCT,GOODFELLAS SALUTE,SUICIDES SILENCE,DROP WATERFRONT,DURHAM PANKY,SQUAD FISH,ESCAPE METROPOLIS,GAMES BOWFINGER",385,1662.15
87,FRED COSTNER,"EASY GLADIATOR,ENTRAPMENT SATISFACTION,REAR TRADING,CAROL TEXAS,INCH JET,MIRACLE VIRTUAL,MISSION ZOOLANDER,THEORY MERMAID,EMPIRE MALKOVICH,MAGNIFICENT CHITTY,BROTHERHOOD BLANKET,DELIVERANCE MULHOLLAND,DECEIVER BETRAYED,SAINTS BRIDE,BLANKET BEVERLY,EARRING INSTINCT,GABLES METROPOLIS,IMPOSSIBLE PREJUDICE,HUMAN GRAFFITI,CLEOPATRA DEVIL,EAGLES PANKY,CONNECTICUT TRAMP,WEEKEND PERSONAL,IMAGE PRINCESS,KRAMER CHOCOLATE,SENSE GREEK,BOONDOCK BALLROOM",393,1697.07
667,GARY PENN,"QUEST MUSSOLINI,RUGRATS SHAKESPEARE,SOUTH WAIT,ARGONAUTS TOWN,DOUBLE WRATH,MAGNIFICENT CHITTY,VOLUME HOUSE,NORTH TEQUILA,GREEDY ROOTS,PAYCHECK WAIT,SEA VIRGIN,VIRTUAL SPOILERS,CHOCOLATE DUCK,INTRIGUE WORST,MATRIX SNOWMAN,EGYPT TENENBAUMS,ZHIVAGO CORE,BALLOON HOMEWARD,MASKED BUBBLE,VANISHING ROCKY,ATTRACTION NEWTON,BIRDS PERDITION,MASK PEACH,GRAFFITI LOVE,FLATLINERS KILLER,PEACH INNOCENT",423,1748.76
103,GARY PHOENIX,"HANDICAP BOONDOCK,CAROL TEXAS,INSECTS STONE,WRONG BEHAVIOR,LOATHING LEGALLY,TIMBERLAND SKY,TOMORROW HUSTLER,NORTH TEQUILA,ROAD ROXANNE,AFRICAN EGG,BEDAZZLED MARRIED,CALENDAR GUNFIGHT,HEAD STRANGER,ROCK INSTINCT,WORLD LEATHERNECKS,JUMANJI BLADE,RUN PACIFIC,STOCK GLASS,WILD APOLLO,CITIZEN SHREK,HOLES BRANNIGAN,PICKUP DRIVING,RIVER OUTLAW,VICTORY ACADEMY,BUCKET BROTHERHOOD",435,1764.66
386,GENE HOPKINS,"DRAGON SQUAD,TRUMAN CRAZY,UPRISING UPTOWN,DOORS PRESIDENT,POND SEATTLE,MODEL FISH,TOOTSIE PILOT,FROST HEAD,HEDWIG ALTER,DEEP CRUSADE,PITY BOUND,TORQUE BOUND,CHISUM BEHAVIOR,NIGHTMARE CHILL,SUIT WALLS,CLUE GRAIL,ELF MURDER,VANISHING ROCKY,MANNEQUIN WORST,CHAINSAW UPTOWN,PANTHER REDS,GUMP DATE",359,1787.4
543,GENE MCKELLEN,"HORN WORKING,OZ LIAISONS,CRAZY HOME,LIFE TWISTED,HAROLD FRENCH,PITY BOUND,SPICE SORORITY,TREATMENT JEKYLL,CONFUSED CANDLES,INDIAN LOVE,BALLROOM MOCKINGBIRD,RESERVOIR ADAPTATION,MASSACRE USUAL,PIZZA JUMANJI,WANDA CHAMBER,ALASKA PHANTOM,BOOGIE AMELIE,GO PURPLE,EVE RESURRECTION,RUNAWAY TENENBAUMS,ARMAGEDDON LOST,BARBARELLA STREETCAR,DIVIDE MONSTER,DIVORCE SHINING,SATISFACTION CONFIDENTIAL,SATURDAY LAMBS,MADIGAN DORADO",451,2023.48
572,GENE WILLIS,"WEREWOLF LOLA,ARGONAUTS TOWN,CHAMPION FLATLINERS,HOOK CHARIOTS,BENEATH RUSH,TADPOLE PARK,ARMY FLINTSTONES,BEACH HEARTBREAKERS,VIRGINIAN PLUTO,DARKNESS WAR,SECRETS PARADISE,SPLASH GUMP,ILLUSION AMELIE,JET NEIGHBORS,PAST SUICIDES,AIRPORT POLLOCK,BANGER PINOCCHIO,DORADO NOTTING,WORDS HUNTER,FLAMINGOS CONNECTICUT,MONEY HAROLD,STING PERSONAL,METROPOLIS COMA",380,1764.2
989,GEOFFREY HESTON,"KISSING DOLLS,MIDNIGHT WESTWARD,PUNK DIVORCE,TELEMARK HEARTBREAKERS,TITANIC BOONDOCK,GORGEOUS BINGO,CENTER DINOSAUR,JEOPARDY ENCINO,TOMORROW HUSTLER,LUCK OPUS,ODDS BOOGIE,COMMAND DARLING,DAZED PUNK,DIRTY ACE,GRIT CLOCKWORK,LOLA AGENT,PARIS WEEKEND,PATTON INTERVIEW,CHINATOWN GLADIATOR,GOLDMINE TYCOON,INSTINCT AIRPORT,MERMAID INSECTS,COMA HEAD,FUGITIVE MAGUIRE,IGBY MAKER,WORKING MICROCOSMOS",462,2188.38
977,GINA DEGENERES,"CLUELESS BUCKET,EXCITEMENT EVE,MIDNIGHT WESTWARD,DOGMA FAMILY,HOOK CHARIOTS,STORM HAPPINESS,SUGAR WONKA,HALL CASSIDY,HEARTBREAKERS BRIGHT,HYDE DOCTOR,MAGNIFICENT CHITTY,GUNFIGHT MOON,SEARCHERS WAIT,TRAINSPOTTING STRANGERS,BED HIGHBALL,METAL ARMAGEDDON,WIFE TURN,CONEHEADS SMOOCHY,DARKNESS WAR,GANDHI KWAI,INDIAN LOVE,LOUISIANA HARRY,MOVIE SHAKESPEARE,CALENDAR GUNFIGHT,INTRIGUE WORST,SEVEN SWARM,ELEPHANT TROJAN,CHAMBER ITALIAN,DEER VIRGINIAN,IMPACT ALADDIN,TELEGRAPH VOYAGE,CHAPLIN LICENSE,CHARIOTS CONSPIRACY,COLDBLOODED DARLING,FRISCO FORREST,GOODFELLAS SALUTE,LICENSE WEEKEND,OPEN AFRICAN,SPIRITED CASUALTIES,MUMMY CREATURES,SIERRA DIVIDE,WINDOW SIDE",753,3442.48999999994
648,GOLDIE BRODY,"INCH JET,PRIDE ALAMO,PUNK DIVORCE,COMANCHEROS ENEMY,HOLY TADPOLE,SNATCHERS MONTEZUMA,MOD SECRETARY,PITY BOUND,SEA VIRGIN,BILKO ANONYMOUS,JASON TRAP,PRIX UNDEFEATED,ROBBERY BRIGHT,EVERYONE CRAFT,HOOSIERS BIRDCAGE,POLLOCK DELIVERANCE,DESERT POSEIDON,HIGH ENCINO,FLAMINGOS CONNECTICUT,UNBREAKABLE KARATE,BINGO TALENTED,DAISY MENAGERIE,MARRIED GO,SPIRITED CASUALTIES,EXORCIST STING,MOSQUITO ARMAGEDDON,MUMMY CREATURES,OUTLAW HANKY",454,1984.45
691,GRACE MOSTEL,"BERETS AGENT,EXCITEMENT EVE,SLEEPLESS MONSOON,TRACY CIDER,WARLOCK WEREWOLF,MALKOVICH PET,OCTOBER SUBMARINE,CONFESSIONS MAGUIRE,DECEIVER BETRAYED,DESTINATION JERK,NECKLACE OUTBREAK,SAINTS BRIDE,SAVANNAH TOWN,TREATMENT JEKYLL,COMMAND DARLING,HELLFIGHTERS SIERRA,SCISSORHANDS SLUMS,TOWN ARK,WAR NOTTING,DAZED PUNK,ARACHNOPHOBIA ROLLERCOASTER,GASLIGHT CRUSADE,ANGELS LIFE,BREAKING HOME,SLEEPY JAPANESE,STING PERSONAL,OPEN AFRICAN,ANONYMOUS HUMAN,INSTINCT AIRPORT,POSEIDON FOREVER",479,2058.21
878,GREG CHAPLIN,"FANTASY TROOPERS,CRUELTY UNFORGIVEN,DRACULA CRYSTAL,HOPE TOOTSIE,JEOPARDY ENCINO,MAGNIFICENT CHITTY,SLING LUKE,STRICTLY SCARFACE,TRAINSPOTTING STRANGERS,UNFAITHFUL KILL,HALF OUTFIELD,JET NEIGHBORS,NEWTON LABYRINTH,USUAL UNTOUCHABLES,FORWARD TEMPLE,OLEANDER CLUE,RUNNER MADIGAN,CLYDE THEORY,DAY UNFAITHFUL,GODFATHER DIARY,SAMURAI LION,CHARADE DUFFEL,LICENSE WEEKEND,TITANS JERK,LIBERTY MAGNIFICENT,NOVOCAINE FLIGHT,TEEN APOLLO",418,1788.83
914,GREGORY GOODING,"INSECTS STONE,POTLUCK MIXED,STORM HAPPINESS,SISTER FREDDY,WRONG BEHAVIOR,HEAVEN FREEDOM,OPERATION OPERATION,SUBMARINE BED,DEEP CRUSADE,MADISON TRAP,SPOILERS HELLFIGHTERS,SEATTLE EXPECATIONS,SPICE SORORITY,WARDROBE PHANTOM,WEST LION,ALLEY EVOLUTION,COWBOY DOOM,WHALE BIKINI,MOONSHINE CABIN,SPIRIT FLINTSTONES,GREATEST NORTH,SONG HEDWIG,MAIDEN HOME,ARMAGEDDON LOST,EXPRESS LONELY,EXORCIST STING,HOLES BRANNIGAN,PEAK FOREVER,BOILED DARES,TROUBLE DATE",523,2258.76999999999
981,GRETA KEITEL,"GRAIL FRANKENSTEIN,MAGNOLIA FORRESTER,SUSPECTS QUILLS,DARES PLUTO,FLYING HOOK,ARIZONA BANG,LOATHING LEGALLY,REQUIEM TYCOON,JAWS HARRY,BUNCH MINDS,ATLANTIS CAUSE,CALENDAR GUNFIGHT,HIGHBALL POTTER,HOOSIERS BIRDCAGE,ILLUSION AMELIE,LADYBUGS ARMAGEDDON,ALABAMA DEVIL,PULP BEVERLY,MONSTER SPARTACUS,ANNIE IDENTITY,BADMAN DAWN,VACATION BOONDOCK,IMAGE PRINCESS,SATURDAY LAMBS,SLIPPER FIDELITY,BASIC EASY,WOLVES DESIRE",482,1988.18
642,GRETA MALDEN,"DARKO DORADO,FANTASY TROOPERS,MIDNIGHT WESTWARD,SKY MIRACLE,FLYING HOOK,PRIDE ALAMO,MICROCOSMOS PARADISE,TADPOLE PARK,CLOSER BANG,MULAN MOON,HARDLY ROBBERS,NATIONAL STORY,RAINBOW SHOCK,WIFE TURN,CONVERSATION DOWNHILL,GENTLEMEN STAGE,HOOSIERS BIRDCAGE,PAST SUICIDES,DAZED PUNK,HAUNTING PIANIST,SPY MILE,ANALYZE HOOSIERS,ARABIA DOGMA,CARRIE BUNCH,LOVE SUICIDES,FLASH WARS,TROOPERS METAL,WEEKEND PERSONAL,ALADDIN CALENDAR,EVOLUTION ALTER,KICK SAVANNAH,ORDER BETRAYED",478,1899.22
894,GROUCHO DUNST,"CASUALTIES ENCINO,CROW GREASE,DEVIL DESIRE,PARK CITIZEN,DONNIE ALLEY,LABYRINTH LEAGUE,COLOR PHILADELPHIA,IRON MOON,GOLD RIVER,SUBMARINE BED,INDEPENDENCE HOTEL,POCUS PULP,DALMATIONS SWEDEN,HUNCHBACK IMPOSSIBLE,MOB DUFFEL,BLUES INSTINCT,GABLES METROPOLIS,OPPOSITE NECKLACE,SENSIBILITY REAR,SUNSET RACER,HAPPINESS UNITED,KISS GLORY,MAUDE MOD,CREATURES SHAKESPEARE,PANKY SUBMARINE,VANILLA DAY,TEMPLE ATTRACTION,RUNNER MADIGAN,BUTCH PANTHER,CHAPLIN LICENSE,PHANTOM GLORY,ATTACKS HATE,MARRIED GO,SATISFACTION CONFIDENTIAL,TOMATOES HELLFIGHTERS",492,2110.08
811,GROUCHO SINATRA,"LORD ARIZONA,MAGNOLIA FORRESTER,WEREWOLF LOLA,DOGMA FAMILY,TELEMARK HEARTBREAKERS,WATCH TRACY,LABYRINTH LEAGUE,STRANGELOVE DESIRE,DYING MAKER,DUFFEL APOCALYPSE,HALLOWEEN NUTS,INDEPENDENCE HOTEL,MAJESTIC FLOATS,PELICAN COMFORTS,HOMICIDE PEACH,PET HAUNTING,POLLOCK DELIVERANCE,GUN BONNIE,SASSY PACKER,FAMILY SWEET,BOOGIE AMELIE,SCALAWAG DUCK,LICENSE WEEKEND,DUDE BLINDNESS,MOTHER OLEANDER,SMILE EARRING",465,1899.32
609,GROUCHO WILLIAMS,"OZ LIAISONS,HOLLYWOOD ANONYMOUS,SPLENDOR PATTON,WARLOCK WEREWOLF,JINGLE SAGEBRUSH,ROOTS REMEMBER,GROUNDHOG UNCUT,LONELY ELEPHANT,GONE TROUBLE,SAINTS BRIDE,SCORPION APOLLO,GABLES METROPOLIS,OPPOSITE NECKLACE,RAGE GAMES,BROOKLYN DESERT,CHOCOLATE DUCK,KANE EXORCIST,MEET CHOCOLATE,PAST SUICIDES,DAWN POND,FANTASIA PARK,LOVERBOY ATTACKS,PEACH INNOCENT,BASIC EASY,MUSCLE BRIGHT",393,1718.06
671,HARRISON BALE,"DOUBLE WRATH,NASH CHOCOLAT,PUNK DIVORCE,THIEF PELICAN,WALLS ARTIST,RUSHMORE MERMAID,WAGON JAWS,WEDDING APOLLO,GREEDY ROOTS,HALF OUTFIELD,HOMICIDE PEACH,BALLROOM MOCKINGBIRD,DOUBTFIRE LABYRINTH,LOSE INCH,MUPPET MILE,PAST SUICIDES,FANTASIA PARK,ELEPHANT TROJAN,LADY STAGE,ROLLERCOASTER BRINGING,PLUTO OLEANDER,STING PERSONAL,WYOMING STORM,BADMAN DAWN,RANDOM GO,WONDERLAND CHRISTMAS,GROOVE FICTION,PERDITION FARGO",407,1798.94
526,HARVEY HOPE,"SPEAKEASY DATE,STORY SIDE,UPRISING UPTOWN,BORROWERS BEDAZZLED,OSCAR GOLD,TELEMARK HEARTBREAKERS,MODEL FISH,HOLY TADPOLE,IRON MOON,CRAZY HOME,DOWNHILL ENOUGH,BEACH HEARTBREAKERS,HAROLD FRENCH,ATLANTIS CAUSE,EARRING INSTINCT,GENTLEMEN STAGE,HELLFIGHTERS SIERRA,PEARL DESTINY,ENCINO ELF,PIZZA JUMANJI,SLEUTH ORIENT,PANIC CLUB,RULES HUMAN,UNCUT SUICIDES,BOULEVARD MOB,FRONTIER CABIN,UNBREAKABLE KARATE,PANTHER REDS,RANDOM GO,UNFORGIVEN ZOOLANDER,CARIBBEAN LIBERTY,LOCK REAR",504,1796.96
606,HELEN VOIGHT,"SIDE ARK,CLASH FREDDY,TELEMARK HEARTBREAKERS,CASPER DRAGONFLY,EMPIRE MALKOVICH,LEGALLY SECRETARY,MICROCOSMOS PARADISE,STRANGER STRANGERS,SWEETHEARTS SUSPECTS,WARLOCK WEREWOLF,IRON MOON,TADPOLE PARK,CAPER MOTIONS,CAT CONEHEADS,JAWS HARRY,CUPBOARD SINNERS,INDEPENDENCE HOTEL,ROAD ROXANNE,LIES TREATMENT,MOVIE SHAKESPEARE,CYCLONE FAMILY,KISS GLORY,SCISSORHANDS SLUMS,WAR NOTTING,DIVINE RESURRECTION,FEVER EMPIRE,FIDELITY DEVIL,SINNERS ATLANTIS,GREATEST NORTH,BREAKING HOME,VOICE PEACH,MUMMY CREATURES",557,2358.44999999998
784,HENRY BERRY,"DRIFTER COMMANDMENTS,DOGMA FAMILY,SLEEPLESS MONSOON,WONKA SEA,HOLLYWOOD ANONYMOUS,UPTOWN YOUNG,EXTRAORDINARY CONQUERER,RUSHMORE MERMAID,BONNIE HOLOCAUST,CHICKEN HELLFIGHTERS,WAGON JAWS,CONQUERER NUTS,CRAFT OUTFIELD,SCORPION APOLLO,APACHE DIVINE,DUMBO LUST,LOUISIANA HARRY,PILOT HOOSIERS,GRAPES FURY,KANE EXORCIST,WHALE BIKINI,SPY MILE,DESERT POSEIDON,FREDDY STORM,PARIS WEEKEND,PATTON INTERVIEW,SPIRIT FLINTSTONES,CHAMBER ITALIAN,HOURS RAGE,MAIDEN HOME,CONNECTICUT TRAMP,DIVIDE MONSTER,FACTORY DRAGON,SHANE DARKNESS,SHANGHAI TYCOON",612,2602.87999999998
787,HUMPHREY GARLAND,"GOSFORD DONNIE,MIDNIGHT WESTWARD,NASH CHOCOLAT,WARLOCK WEREWOLF,DELIVERANCE MULHOLLAND,FRENCH HOLIDAY,PACIFIC AMISTAD,WEDDING APOLLO,CHITTY LOCK,SEA VIRGIN,WEST LION,SUPER WYOMING,ILLUSION AMELIE,JET NEIGHBORS,KISS GLORY,OPUS ICE,PAST SUICIDES,MOONWALKER FOOL,PIZZA JUMANJI,ARACHNOPHOBIA ROLLERCOASTER,JUNGLE CLOSER,MINE TITANS,WEEKEND PERSONAL,WONDERLAND CHRISTMAS,ROSES TREASURE,BOONDOCK BALLROOM,COMFORTS RUSH,ORDER BETRAYED,SHINING ROSES",416,2073.84
347,HUMPHREY WILLIS,"DREAM PICKUP,ANACONDA CONFESSIONS,SONS INTERVIEW,SISTER FREDDY,IRON MOON,FLINTSTONES HAPPINESS,MYSTIC TRUMAN,PRINCESS GIANT,SPOILERS HELLFIGHTERS,MUSIC BOONDOCK,SPLASH GUMP,ALIEN CENTER,CHOCOLATE DUCK,HOOSIERS BIRDCAGE,MADNESS ATTACKS,TRAP GUYS,WAR NOTTING,WONDERFUL DROP,PERSONAL LADYBUGS,TERMINATOR CLUB,IDAHO LOVE,GOLDMINE TYCOON,PIRATES ROXANNE,STRAIGHT HOURS,COMFORTS RUSH,GAMES BOWFINGER",394,1595.05
785,IAN TANDY,"BERETS AGENT,FANTASY TROOPERS,STORM HAPPINESS,POLISH BROOKLYN,SCARFACE BANG,DRACULA CRYSTAL,ZORRO ARK,HAWK CHILL,HOMEWARD CIDER,SAGEBRUSH CLUELESS,WEDDING APOLLO,NOTTING SPEAKEASY,GLADIATOR WESTWARD,CATCH AMISTAD,INFORMER DOUBLE,MIXED DOORS,GUN BONNIE,VIDEOTAPE ARSENIC,TEXAS WATCH,AMELIE HELLFIGHTERS,DEER VIRGINIAN,WORDS HUNTER,YOUTH KICK,MONEY HAROLD,CITIZEN SHREK,FIDDLER LOST,GLEAMING JAWBREAKER,GROOVE FICTION,TIGHTS DAWN,LEATHERNECKS DWARFS,SHAWSHANK BUBBLE",509,1889.9
914,JADA RYDER,"GOSFORD DONNIE,KISSING DOLLS,SIDE ARK,ALTER VICTORY,ISHTAR ROCKETEER,SUGAR WONKA,FOREVER CANDIDATE,MURDER ANTITRUST,ROBBERS JOON,ZOOLANDER FICTION,MALKOVICH PET,TRAMP OTHERS,CUPBOARD SINNERS,DOZEN LION,MIDSUMMER GROUNDHOG,RAIDERS ANTITRUST,BUNCH MINDS,CRAFT OUTFIELD,KWAI HOMEWARD,CHASING FIGHT,RAGE GAMES,STATE WASTELAND,KARATE MOON,LUCKY FLYING,JEKYLL FROGMEN,SALUTE APOLLO,GARDEN ISLAND,SUN CONFESSIONS,ALADDIN CALENDAR,TALENTED HOMICIDE,TROUBLE DATE",560,2294.42999999999
809,JAMES PITT,"AMADEUS HOLY,MIDNIGHT WESTWARD,PUNK DIVORCE,THIEF PELICAN,DOCTOR GRAIL,JUMPING WRATH,STEEL SANTA,FIREBALL PHILADELPHIA,HEDWIG ALTER,LONELY ELEPHANT,MODERN DORADO,NATIONAL STORY,YOUNG LANGUAGE,CONFUSED CANDLES,JEDI BENEATH,WILLOW TRACY,EVERYONE CRAFT,HELLFIGHTERS SIERRA,INNOCENT USUAL,MAUDE MOD,AUTUMN CROW,ENCINO ELF,OUTBREAK DIVINE,SPIRIT FLINTSTONES,LUCKY FLYING,ARMAGEDDON LOST,FIDDLER LOST,RIDER CADDYSHACK,SATURDAY LAMBS,SHAKESPEARE SADDLE,SLIPPER FIDELITY",516,2016.84
875,JANE JACKMAN,"POTTER CONNECTICUT,BACKLASH UNDEFEATED,BENEATH RUSH,IDOLS SNATCHERS,LEGALLY SECRETARY,HOPE TOOTSIE,DANCING FEVER,RAINBOW SHOCK,LUCK OPUS,BRAVEHEART HUMAN,CHOCOLAT HARRY,JEDI BENEATH,SCISSORHANDS SLUMS,KARATE MOON,TEMPLE ATTRACTION,OUTFIELD MASSACRE,UNCUT SUICIDES,FLAMINGOS CONNECTICUT,HOURS RAGE,MONEY HAROLD,SILVERADO GOLDFINGER,CARIBBEAN LIBERTY,GROOVE FICTION,SLIPPER FIDELITY,TALENTED HOMICIDE",414,1530.86
988,JAYNE NEESON,"GRAIL FRANKENSTEIN,QUEST MUSSOLINI,POLISH BROOKLYN,HYDE DOCTOR,VOYAGE LEGALLY,GROUNDHOG UNCUT,HEDWIG ALTER,BROTHERHOOD BLANKET,CAUSE DATE,EXPENDABLE STALLION,HALLOWEEN NUTS,INDEPENDENCE HOTEL,EDGE KISSING,DINOSAUR SECRETARY,HOMICIDE PEACH,AGENT TRUMAN,BROOKLYN DESERT,CRYSTAL BREAKING,FRIDA SLIPPER,DARLING BREAKING,HAUNTING PIANIST,WORLD LEATHERNECKS,BANGER PINOCCHIO,HANOVER GALAXY,INTERVIEW LIAISONS,ARTIST COLDBLOODED,RECORDS ZORRO,WOLVES DESIRE,WORKER TARZAN",504,1962.96
386,JAYNE NOLTE,"BULL SHAWSHANK,LUST LOCK,PRIMARY GLASS,ANACONDA CONFESSIONS,HORN WORKING,TELEMARK HEARTBREAKERS,THIEF PELICAN,TITANIC BOONDOCK,WAIT CIDER,COMANCHEROS ENEMY,INVASION CYCLONE,SWEETHEARTS SUSPECTS,TIES HUNGER,CREEPERS KANE,WASTELAND DIVINE,PERFECT GROOVE,DANCING FEVER,NOTORIOUS REUNION,REUNION WITCHES,BEDAZZLED MARRIED,BRAVEHEART HUMAN,FEATHERS METAL,ICE CROSSING,LAMBS CINCINATTI,STRANGERS GRAFFITI,OUTFIELD MASSACRE,EARTH VISION,MAIDEN HOME,ENGLISH BULWORTH,HYSTERICAL GRAIL,SECRETARY ROUGE,BIRD INDEPENDENCE,DISCIPLE MOTHER,GUMP DATE",611,2400.85999999999
813,JAYNE SILVERSTONE,"CELEBRITY HORN,SIDE ARK,SUSPECTS QUILLS,OZ LIAISONS,HALL CASSIDY,WASTELAND DIVINE,CAUSE DATE,HARRY IDAHO,QUEEN LUKE,GLADIATOR WESTWARD,LOUISIANA HARRY,ROCKETEER MOTHER,SCHOOL JACKET,CHICAGO NORTH,MARS ROMAN,SEVEN SWARM,KARATE MOON,PARIS WEEKEND,TEXAS WATCH,MONSTER SPARTACUS,PERSONAL LADYBUGS,CHINATOWN GLADIATOR,PIANIST OUTFIELD,EYES DRIVING,LICENSE WEEKEND,GLEAMING JAWBREAKER,SMOOCHY CONTROL",450,1748.48
811,JEFF SILVERSTONE,"RINGS HEARTBREAKERS,SUSPECTS QUILLS,SONS INTERVIEW,WATCH TRACY,WALLS ARTIST,TADPOLE PARK,PARADISE SABRINA,HUNTER ALTER,NEWSIES STORY,APOLLO TEEN,REMEMBER DIARY,SPARTACUS CHEAPER,DRUMS DYNAMITE,LADY STAGE,ALASKA PHANTOM,CHINATOWN GLADIATOR,MASK PEACH,STOCK GLASS,CROWDS TELEMARK,NORTHWEST POLISH,RIDER CADDYSHACK,SECRETARY ROUGE,SLIPPER FIDELITY,MUSCLE BRIGHT,SMILE EARRING",325,1278.74
87,JENNIFER DAVIS,"BAREFOOT MANCHURIAN,ANACONDA CONFESSIONS,GHOSTBUSTERS ELF,SUBMARINE BED,BED HIGHBALL,NATIONAL STORY,RAIDERS ANTITRUST,BLADE POLISH,GREEDY ROOTS,SPLASH GUMP,TREASURE COMMAND,HANOVER GALAXY,REDS POCUS,ANGELS LIFE,JUMANJI BLADE,OKLAHOMA JUMANJI,RANDOM GO,SILVERADO GOLDFINGER,UNFORGIVEN ZOOLANDER,INSTINCT AIRPORT,POSEIDON FOREVER,BOONDOCK BALLROOM",274,1052.27
981,JESSICA BAILEY,"BERETS AGENT,TRUMAN CRAZY,LEAGUE HELLFIGHTERS,REQUIEM TYCOON,RIGHT CRANES,DOOM DANCING,MIGHTY LUCK,VIRGINIAN PLUTO,SAVANNAH TOWN,RESERVOIR ADAPTATION,HEAD STRANGER,SUIT WALLS,ANALYZE HOOSIERS,SWARM GOLD,DORADO NOTTING,JAWBREAKER BROOKLYN,CHINATOWN GLADIATOR,WHISPERER GIANT,DROP WATERFRONT,BASIC EASY,KICK SAVANNAH,MOULIN WAKE,WOLVES DESIRE",404,1744.95
84,JIM MOSTEL,"DRAGON SQUAD,WOMEN DORADO,FLOATS GARDEN,LEAGUE HELLFIGHTERS,AIRPLANE SIERRA,PERFECT GROOVE,WISDOM WORKER,NEWSIES STORY,NECKLACE OUTBREAK,HELLFIGHTERS SIERRA,RESERVOIR ADAPTATION,GRINCH MASSAGE,SPY MILE,JAPANESE RUN,MOTIONS DETAILS,LUCKY FLYING,OLEANDER CLUE,ROMAN PUNK,JUMANJI BLADE,METROPOLIS COMA,NEMO CAMPUS,WEEKEND PERSONAL,ANONYMOUS HUMAN,FLATLINERS KILLER,SIERRA DIVIDE,BOILED DARES",385,1406.17
894,JODIE DEGENERES,"CROW GREASE,DARN FORRESTER,DREAM PICKUP,BEAST HUNCHBACK,DRACULA CRYSTAL,CLOSER BANG,PARADISE SABRINA,CIDER DESIRE,FRENCH HOLIDAY,MADISON TRAP,DIARY PANIC,VIETNAM SMOOCHY,REMEMBER DIARY,BROOKLYN DESERT,PET HAUNTING,MOONSHINE CABIN,AFFAIR PREJUDICE,SIMON NORTH,BOOGIE AMELIE,REDS POCUS,FATAL HAUNTED,BEVERLY OUTLAW,DAISY MENAGERIE,TROJAN TOMORROW,GROOVE FICTION,PICKUP DRIVING,SENSE GREEK,SHANGHAI TYCOON,TOMATOES HELLFIGHTERS",493,2182.05
903,JOE SWANK,"PRIMARY GLASS,WATERFRONT DELIVERANCE,LAWLESS VISION,SUNRISE LEAGUE,CROOKED FROGMEN,SWEETHEARTS SUSPECTS,TIES HUNGER,SNATCHERS MONTEZUMA,MAJESTIC FLOATS,PACIFIC AMISTAD,UNTOUCHABLES SUNRISE,DALMATIONS SWEDEN,LEBOWSKI SOLDIERS,CHOCOLAT HARRY,CHOCOLATE DUCK,CURTAIN VIDEOTAPE,ANYTHING SAVANNAH,REEF SALUTE,BIRCH ANTITRUST,RUNNER MADIGAN,WILD APOLLO,PERDITION FARGO,HORROR REIGN,SMILE EARRING,TRAFFIC HOBBIT",381,1389.21
763,JOHN SUVARI,"ISHTAR ROCKETEER,LUKE MUMMY,DAUGHTER MADIGAN,JERSEY SASSY,COLOR PHILADELPHIA,MILLION ACE,PINOCCHIO SIMON,NEWSIES STORY,QUILLS BULL,CONQUERER NUTS,NECKLACE OUTBREAK,PITTSBURGH HUNCHBACK,ALLEY EVOLUTION,PET HAUNTING,CANDLES GRAPES,NAME DETECTIVE,ROXANNE REBEL,JAPANESE RUN,HOME PITY,MONSTER SPARTACUS,SONG HEDWIG,CLEOPATRA DEVIL,INTERVIEW LIAISONS,PIANIST OUTFIELD,BEVERLY OUTLAW,GOLDMINE TYCOON,RAGING AIRPLANE,GLEAMING JAWBREAKER,SATISFACTION CONFIDENTIAL",458,2172.41
868,JOHNNY CAGE,"SUSPECTS QUILLS,DESIRE ALIEN,FLYING HOOK,THIEF PELICAN,ROOTS REMEMBER,RUSHMORE MERMAID,VELVET TERMINATOR,ACADEMY DINOSAUR,INTOLERABLE INTENTIONS,BUNCH MINDS,HANGING DEEP,LIES TREATMENT,ALAMO VIDEOTAPE,CATCH AMISTAD,ROXANNE REBEL,SPY MILE,ARABIA DOGMA,KARATE MOON,ROCK INSTINCT,SIMON NORTH,CLYDE THEORY,VAMPIRE WHALE,CONNECTICUT TRAMP,GRAFFITI LOVE,HAMLET WISDOM,REIGN GENTLEMEN,INSTINCT AIRPORT,DISCIPLE MOTHER,SUPERFLY TRIP",482,1857.18
811,JOHNNY LOLLOBRIGIDA,"AMADEUS HOLY,GRAIL FRANKENSTEIN,RINGS HEARTBREAKERS,SUNRISE LEAGUE,HALL CASSIDY,DADDY PITTSBURGH,BONNIE HOLOCAUST,METAL ARMAGEDDON,PACIFIC AMISTAD,POCUS PULP,CHITTY LOCK,CONEHEADS SMOOCHY,FIRE WOLVES,COMMANDMENTS EXPRESS,LOVE SUICIDES,PATTON INTERVIEW,BANGER PINOCCHIO,HEAVENLY GUN,FRONTIER CABIN,RIDGEMONT SUBMARINE,DAISY MENAGERIE,GOODFELLAS SALUTE,SOLDIERS EVOLUTION,GROOVE FICTION,KRAMER CHOCOLATE,STAR OPERATION,ENOUGH RAGING,ESCAPE METROPOLIS,SMILE EARRING",496,2027.04
872,JON CHASE,"CLUELESS BUCKET,DREAM PICKUP,FANTASY TROOPERS,HILLS NEIGHBORS,SKY MIRACLE,BORROWERS BEDAZZLED,INSECTS STONE,SUGAR WONKA,DOCTOR GRAIL,MICROCOSMOS PARADISE,CIDER DESIRE,HUNTER ALTER,HAROLD FRENCH,LIES TREATMENT,SAINTS BRIDE,SPICE SORORITY,INDIAN LOVE,VIRTUAL SPOILERS,RESERVOIR ADAPTATION,PRIVATE DROP,ROUGE SQUAD,ALI FOREVER,ROLLERCOASTER BRINGING,FLAMINGOS CONNECTICUT,BINGO TALENTED,STALLION SUNDANCE,LESSON CLEOPATRA,MADIGAN DORADO,SWEET BROTHERHOOD",435,1789.64
714,JUDE CRUISE,"QUEST MUSSOLINI,REAR TRADING,CHAMPION FLATLINERS,STRANGELOVE DESIRE,TWISTED PIRATES,TIMBERLAND SKY,FIREBALL PHILADELPHIA,KNOCK WARLOCK,BROTHERHOOD BLANKET,HALLOWEEN NUTS,DATE SPEED,HOUSE DYNAMITE,ALLEY EVOLUTION,CROSSING DIVORCE,MULHOLLAND BEAST,ICE CROSSING,ARABIA DOGMA,CARRIE BUNCH,DRUMS DYNAMITE,ROCK INSTINCT,MONSTER SPARTACUS,SCALAWAG DUCK,CHINATOWN GLADIATOR,EAGLES PANKY,FRONTIER CABIN,PLATOON INSTINCT,CAMELOT VACATION,CITIZEN SHREK,OPEN AFRICAN,RANDOM GO",498,1945.02
914,JUDY DEAN,"QUEST MUSSOLINI,RINGS HEARTBREAKERS,RUGRATS SHAKESPEARE,NASH CHOCOLAT,MODERN DORADO,BALLROOM MOCKINGBIRD,CYCLONE FAMILY,ROCKETEER MOTHER,ARACHNOPHOBIA ROLLERCOASTER,SOLDIERS EVOLUTION,ALADDIN CALENDAR,DROP WATERFRONT,GUNFIGHTER MUSSOLINI,MUSSOLINI SPOILERS,TROUBLE DATE",255,976.470000000002
787,JULIA BARRYMORE,"BERETS AGENT,ARGONAUTS TOWN,JERK PAYCHECK,GROUNDHOG UNCUT,MIGHTY LUCK,PELICAN COMFORTS,ROAD ROXANNE,WIFE TURN,CONEHEADS SMOOCHY,SHOOTIST SUPERFLY,UNFAITHFUL KILL,VIRGIN DAISY,BANG KWAI,EFFECT GLADIATOR,SCISSORHANDS SLUMS,LAMBS CINCINATTI,GASLIGHT CRUSADE,ROCK INSTINCT,ANGELS LIFE,TROOPERS METAL,UNFORGIVEN ZOOLANDER,SECRETARY ROUGE,DISCIPLE MOTHER,SHINING ROSES",410,1836.89
785,JULIA FAWCETT,"BERETS AGENT,LUKE MUMMY,THEORY MERMAID,WAIT CIDER,HOPE TOOTSIE,CLOSER BANG,MULAN MOON,CHISUM BEHAVIOR,OPUS ICE,POLLOCK DELIVERANCE,DAY UNFAITHFUL,RIDGEMONT SUBMARINE,BOILED DARES,SHANGHAI TYCOON,SHAWSHANK BUBBLE",255,1189.42
347,JULIA MCQUEEN,"AMADEUS HOLY,MOCKINGBIRD HOLLYWOOD,SLEEPLESS MONSOON,TELEMARK HEARTBREAKERS,WONKA SEA,SWEETHEARTS SUSPECTS,TIES HUNGER,BONNIE HOLOCAUST,CIDER DESIRE,YOUNG LANGUAGE,CONEHEADS SMOOCHY,SCORPION APOLLO,EFFECT GLADIATOR,GLADIATOR WESTWARD,PILOT HOOSIERS,PITTSBURGH HUNCHBACK,PRESIDENT BANG,KISS GLORY,ARABIA DOGMA,FREDDY STORM,HIGH ENCINO,MONTEREY LABYRINTH,SPIRIT FLINTSTONES,STRANGERS GRAFFITI,TRAIN BUNCH,HANOVER GALAXY,INSIDER ARIZONA,JAWBREAKER BROOKLYN,LUCKY FLYING,OPEN AFRICAN,WEEKEND PERSONAL,KRAMER CHOCOLATE,GAMES BOWFINGER",549,2330.50999999999
648,JULIA ZELLWEGER,"MINDS TRUMAN,DARES PLUTO,DETECTIVE VISION,JEOPARDY ENCINO,MAJESTIC FLOATS,LAMBS CINCINATTI,PANKY SUBMARINE,WON DARES,BREAKFAST GOLDFINGER,WYOMING STORM,HOLLOW JEOPARDY,OPEN AFRICAN,CRANES RESERVOIR,DIVORCE SHINING,RIDER CADDYSHACK,OUTLAW HANKY",221,1064.79
988,JULIANNE DENCH,"BERETS AGENT,BULL SHAWSHANK,LORD ARIZONA,DESIRE ALIEN,DOUBLE WRATH,TITANIC BOONDOCK,SHEPHERD MIDSUMMER,DYNAMITE TARZAN,JEEPERS WEDDING,REQUIEM TYCOON,ADAPTATION HOLES,MIGHTY LUCK,MODERN DORADO,UNTOUCHABLES SUNRISE,ATLANTIS CAUSE,HUNTING MUSKETEERS,JEDI BENEATH,CHOCOLATE DUCK,COWBOY DOOM,DOUBTFIRE LABYRINTH,KARATE MOON,MONTEREY LABYRINTH,RIDGEMONT SUBMARINE,CINCINATTI WHISPERER,DISTURBING SCARFACE,SUICIDES SILENCE,HONEY TIES,HYSTERICAL GRAIL,KRAMER CHOCOLATE,MILE MULAN,ENOUGH RAGING,WORKER TARZAN",507,1848.92
513,KARL BERRY,"STAGECOACH ARMAGEDDON,DARES PLUTO,DOORS PRESIDENT,TELEMARK HEARTBREAKERS,FURY MURDER,ARIZONA BANG,BOUND CHEAPER,PERFECT GROOVE,SWEDEN SHINING,HARDLY ROBBERS,INDEPENDENCE HOTEL,SMOKING BARBARELLA,VIRGINIAN PLUTO,BUNCH MINDS,REUNION WITCHES,DATE SPEED,ALLEY EVOLUTION,HIGHBALL POTTER,ARABIA DOGMA,BOWFINGER GABLES,MONTEREY LABYRINTH,REAP UNFAITHFUL,ALONE TRIP,LUCKY FLYING,CLEOPATRA DEVIL,DAY UNFAITHFUL,OKLAHOMA JUMANJI,CONNECTICUT TRAMP,HOLES BRANNIGAN,NOVOCAINE FLIGHT,LEATHERNECKS DWARFS",497,1790.05
894,KENNETH HOFFMAN,"BLACKOUT PRIVATE,FLYING HOOK,GANGS PRIDE,MASSAGE IMAGE,STORM HAPPINESS,LABYRINTH LEAGUE,PREJUDICE OLEANDER,SNATCHERS MONTEZUMA,DOZEN LION,METAL ARMAGEDDON,WRATH MILE,TORQUE BOUND,ODDS BOOGIE,RESURRECTION SILVERADO,SECRETS PARADISE,AGENT TRUMAN,DOUBTFIRE LABYRINTH,FAMILY SWEET,ZHIVAGO CORE,HANOVER GALAXY,PERSONAL LADYBUGS,BRANNIGAN SUNRISE,EVE RESURRECTION,STOCK GLASS,WAKE JAWS,GRACELAND DYNAMITE,HORROR REIGN,ORDER BETRAYED,TOMATOES HELLFIGHTERS",468,1889.3
914,KENNETH PALTROW,"CADDYSHACK JEDI,EXCITEMENT EVE,FALCON VOLUME,SANTA PARIS,SUNDANCE INVASION,DADDY PITTSBURGH,LONELY ELEPHANT,INTOLERABLE INTENTIONS,SHOW LORD,HANGING DEEP,ALIEN CENTER,ILLUSION AMELIE,DIVINE RESURRECTION,FEATHERS METAL,REEF SALUTE,TAXI KICK,REDEMPTION COMFORTS,GRAFFITI LOVE,MUSSOLINI SPOILERS,BORN SPINAL,TROUBLE DATE",351,1458.49
785,KENNETH PESCI,"REAR TRADING,WEREWOLF LOLA,CROSSROADS CASUALTIES,FARGO GANDHI,CATCH AMISTAD,COMMAND DARLING,TRAP GUYS,USUAL UNTOUCHABLES,AFFAIR PREJUDICE,TEMPLE ATTRACTION,BIRDCAGE CASPER,SONG HEDWIG,DISTURBING SCARFACE,MOURNING PURPLE,NEMO CAMPUS,STALLION SUNDANCE,PEAK FOREVER,VICTORY ACADEMY,BOONDOCK BALLROOM,SHAWSHANK BUBBLE",292,1258.08
989,KENNETH TORN,"CROSSROADS CASUALTIES,HARPER DYING,GHOST GROUNDHOG,BEAST HUNCHBACK,DETECTIVE VISION,LEAGUE HELLFIGHTERS,MAGNIFICENT CHITTY,VOLUME HOUSE,DANCING FEVER,INDEPENDENCE HOTEL,RAIDERS ANTITRUST,RAINBOW SHOCK,SHIP WONDERLAND,JACKET FRISCO,LIES TREATMENT,SEATTLE EXPECATIONS,HOMICIDE PEACH,REMEMBER DIARY,FRIDA SLIPPER,LOST BIRD,ALI FOREVER,CARRIE BUNCH,EGYPT TENENBAUMS,JAPANESE RUN,BIRDCAGE CASPER,LUCKY FLYING,EARTH VISION,FLAMINGOS CONNECTICUT,MAIDEN HOME,CITIZEN SHREK,FLATLINERS KILLER,LESSON CLEOPATRA,WORKING MICROCOSMOS",532,2244.68
914,KEVIN BLOOM,"AMERICAN CIRCUS,PRIMARY GLASS,DOUBLE WRATH,MASSAGE IMAGE,MISSION ZOOLANDER,POLISH BROOKLYN,SABRINA MIDNIGHT,HATE HANDICAP,SWEDEN SHINING,CONQUERER NUTS,DALMATIONS SWEDEN,DATE SPEED,FICTION CHRISTMAS,BOOGIE AMELIE,HEAVENLY GUN,DESTINY SATURDAY,LOVERBOY ATTACKS,CITIZEN SHREK,HOLES BRANNIGAN,MUMMY CREATURES,TROUBLE DATE",360,1551.4
286,KEVIN GARLAND,"TRIP NEWTON,ARGONAUTS TOWN,WAIT CIDER,BACKLASH UNDEFEATED,CLOCKWORK PARADISE,GHOST GROUNDHOG,MAKER GABLES,MICROCOSMOS PARADISE,WESTWARD SEABISCUIT,CAPER MOTIONS,DADDY PITTSBURGH,GUNFIGHT MOON,MYSTIC TRUMAN,SHOW LORD,BLADE POLISH,GOLDFINGER SENSIBILITY,SCORPION APOLLO,NATURAL STOCK,RAGE GAMES,RESURRECTION SILVERADO,BABY HALL,INFORMER DOUBLE,ORANGE GRAPES,CHICAGO NORTH,GRIT CLOCKWORK,RULES HUMAN,FREAKY POCUS,HEAVENLY GUN,SONG HEDWIG,STING PERSONAL,STALLION SUNDANCE,SATISFACTION CONFIDENTIAL,ENOUGH RAGING",565,2393.35999999999
293,KIM ALLEN,"PATRIOT ROMAN,RUGRATS SHAKESPEARE,CLASH FREDDY,DOORS PRESIDENT,HARPER DYING,POTLUCK MIXED,WAIT CIDER,HEARTBREAKERS BRIGHT,JINGLE SAGEBRUSH,INDEPENDENCE HOTEL,NOTORIOUS REUNION,RAINBOW SHOCK,UNFAITHFUL KILL,SOUP WISDOM,ORANGE GRAPES,PAST SUICIDES,RESERVOIR ADAPTATION,JAPANESE RUN,KARATE MOON,LOLA AGENT,MONSTER SPARTACUS,BUTTERFLY CHOCOLAT,CLEOPATRA DEVIL,ARMAGEDDON LOST,NONE SPIKING,TITANS JERK,CARIBBEAN LIBERTY,EXORCIST STING",486,1920.15
917,KIRK JOVOVICH,"AMADEUS HOLY,BAREFOOT MANCHURIAN,BULL SHAWSHANK,BORROWERS BEDAZZLED,DOGMA FAMILY,FORRESTER COMANCHEROS,FURY MURDER,MURDER ANTITRUST,SPLENDOR PATTON,CONSPIRACY SPIRIT,ELEMENT FREDDY,HEAVEN FREEDOM,SPICE SORORITY,WARDROBE PHANTOM,CHOCOLAT HARRY,GLADIATOR WESTWARD,GREASE YOUTH,NETWORK PEAK,RUSH GOODFELLAS,LOST BIRD,MULHOLLAND BEAST,CLUE GRAIL,INSIDER ARIZONA,ARTIST COLDBLOODED,MOSQUITO ARMAGEDDON,TUXEDO MILE",470,1685.3
543,KIRSTEN AKROYD,"DEVIL DESIRE,SKY MIRACLE,SPEAKEASY DATE,STAGECOACH ARMAGEDDON,WORST BANGER,ISHTAR ROCKETEER,MASSAGE IMAGE,LABYRINTH LEAGUE,MAGIC MALLRATS,MAKER GABLES,TIES HUNGER,LEAGUE HELLFIGHTERS,HURRICANE AFFAIR,MEMENTO ZOOLANDER,RAIDERS ANTITRUST,NECKLACE OUTBREAK,PATHS CONTROL,REUNION WITCHES,BRAVEHEART HUMAN,BUGSY SONG,DANGEROUS UPTOWN,MADNESS ATTACKS,USUAL UNTOUCHABLES,GRINCH MASSAGE,PRIVATE DROP,BOULEVARD MOB,HOURS RAGE,PLUTO OLEANDER,CHARADE DUFFEL,FRISCO FORREST,IMAGE PRINCESS,BUCKET BROTHERHOOD,CASABLANCA SUPER,MADIGAN DORADO",466,2235.34
88,KIRSTEN PALTROW,"DRIFTER COMMANDMENTS,LORD ARIZONA,THIEF PELICAN,CLOSER BANG,PINOCCHIO SIMON,CHICKEN HELLFIGHTERS,KILL BROTHERHOOD,ROAD ROXANNE,CONQUERER NUTS,PRIX UNDEFEATED,AGENT TRUMAN,ENCINO ELF,LADYBUGS ARMAGEDDON,PULP BEVERLY,SLEEPING SUSPECTS,HANOVER GALAXY,HOME PITY,WON DARES,FLASH WARS,PLUTO OLEANDER,UNBREAKABLE KARATE,SILVERADO GOLDFINGER,TITANS JERK,HONEY TIES,RIVER OUTLAW,BOONDOCK BALLROOM,BORN SPINAL",452,2344.48999999999
784,LAURA BRODY,"MAGNOLIA FORRESTER,SKY MIRACLE,DARES PLUTO,DESIRE ALIEN,FULL FLATLINERS,FURY MURDER,CAT CONEHEADS,PINOCCHIO SIMON,WISDOM WORKER,DANCING FEVER,DOZEN LION,HOBBIT ALIEN,SOMETHING DUCK,TRANSLATION SUMMER,BLOOD ARGONAUTS,PET HAUNTING,SHOCK CABIN,MOTIONS DETAILS,SINNERS ATLANTIS,TARZAN VIDEOTAPE,AMELIE HELLFIGHTERS,GODFATHER DIARY,MASK PEACH,CRANES RESERVOIR,FUGITIVE MAGUIRE,SHANGHAI TYCOON",375,1479.26
496,LAURENCE BULLOCK,"REAR TRADING,SIDE ARK,SKY MIRACLE,POTLUCK MIXED,CROOKED FROGMEN,NOON PAPI,SUNDANCE INVASION,FROST HEAD,MALKOVICH PET,PERFECT GROOVE,BILL OTHERS,ROAD ROXANNE,BUNCH MINDS,TENENBAUMS COMMAND,UNFAITHFUL KILL,BEDAZZLED MARRIED,SINNERS ATLANTIS,STREETCAR INTENTIONS,ALONE TRIP,ANGELS LIFE,FISH OPUS,CARIBBEAN LIBERTY,NORTHWEST POLISH,EXPECATIONS NATURAL,FROGMEN BREAKING,KICK SAVANNAH",438,1636.62
733,LISA MONROE,"CROW GREASE,CLUB GRAFFITI,LOVER TRUMAN,ROOTS REMEMBER,ZORRO ARK,COAST RAINBOW,MOD SECRETARY,QUILLS BULL,CHITTY LOCK,EFFECT GLADIATOR,FICTION CHRISTMAS,JERICHO MULAN,SASSY PACKER,ANYTHING SAVANNAH,ARABIA DOGMA,WON DARES,BUTTERFLY CHOCOLAT,WILD APOLLO,HANKY OCTOBER,VACATION BOONDOCK,CRUSADE HONEY,LESSON CLEOPATRA,RIVER OUTLAW",368,1427.32
517,LIZA BERGMAN,"CLASH FREDDY,EXTRAORDINARY CONQUERER,OCTOBER SUBMARINE,WEDDING APOLLO,CRAFT OUTFIELD,PAYCHECK WAIT,SCORPION APOLLO,JEDI BENEATH,SENSIBILITY REAR,COMMAND DARLING,CRYSTAL BREAKING,GENTLEMEN STAGE,CHICAGO NORTH,PANKY SUBMARINE,DESERT POSEIDON,PARIS WEEKEND,TEXAS WATCH,CLUE GRAIL,DEER VIRGINIAN,ENEMY ODDS,TERMINATOR CLUB,STOCK GLASS,FRISCO FORREST,IDENTITY LOVER,LESSON CLEOPATRA",373,1724.28
989,LUCILLE DEE,"MISSION ZOOLANDER,CLOCKWORK PARADISE,DAUGHTER MADIGAN,MAKER GABLES,WESTWARD SEABISCUIT,NORTH TEQUILA,BEAUTY GREASE,HARRY IDAHO,UNFAITHFUL KILL,OPPOSITE NECKLACE,PRESIDENT BANG,BALLROOM MOCKINGBIRD,GRAPES FURY,LAMBS CINCINATTI,ROXANNE REBEL,AIRPORT POLLOCK,DRUMS DYNAMITE,TEXAS WATCH,TELEGRAPH VOYAGE,MASK PEACH,HYSTERICAL GRAIL,IMAGE PRINCESS,CASSIDY WYOMING,WORKING MICROCOSMOS",364,1749.35
977,LUCILLE TRACY,"REAR TRADING,DOORS PRESIDENT,HYDE DOCTOR,PAJAMA JAWBREAKER,PATIENT SISTER,WASTELAND DIVINE,JAWS HARRY,ACADEMY DINOSAUR,EGG IGBY,MODERN DORADO,SAGEBRUSH CLUELESS,CHITTY LOCK,GOLDFINGER SENSIBILITY,ORIENT CLOSER,BEDAZZLED MARRIED,DINOSAUR SECRETARY,EARRING INSTINCT,GANDHI KWAI,KING EVOLUTION,LOSE INCH,LOLA AGENT,BANGER PINOCCHIO,JUNGLE CLOSER,LOVERBOY ATTACKS,CHEAPER CLYDE,COLDBLOODED DARLING,RANDOM GO,SUN CONFESSIONS,SHANGHAI TYCOON,WINDOW SIDE",516,1791.83
299,MAE HOFFMAN,"DANCES NONE,HOOK CHARIOTS,TURN STAR,STRANGER STRANGERS,DOOM DANCING,ARMY FLINTSTONES,SECRET GROUNDHOG,SHIP WONDERLAND,APOLLO TEEN,DIARY PANIC,JACKET FRISCO,DUMBO LUST,EARRING INSTINCT,HOMICIDE PEACH,ODDS BOOGIE,RESURRECTION SILVERADO,RUSH GOODFELLAS,MUPPET MILE,SCHOOL JACKET,CHICAGO NORTH,OUTBREAK DIVINE,STAMPEDE DISTURBING,APOCALYPSE FLAMINGOS,EAGLES PANKY,RUN PACIFIC,GOLDMINE TYCOON,NORTHWEST POLISH,FACTORY DRAGON",427,1469.73
347,MARY KEITEL,"FANTASY TROOPERS,FORREST SONS,HANDICAP BOONDOCK,INTENTIONS EMPIRE,LUKE MUMMY,THEORY MERMAID,TITANIC BOONDOCK,IDOLS SNATCHERS,MODEL FISH,JEOPARDY ENCINO,LOVELY JINGLE,STEEL SANTA,MALLRATS UNITED,MEMENTO ZOOLANDER,SUBMARINE BED,SWEDEN SHINING,ACADEMY DINOSAUR,WAGON JAWS,CRAFT OUTFIELD,GREEDY ROOTS,SAINTS BRIDE,DUMBO LUST,FEUD FROGMEN,KING EVOLUTION,FICTION CHRISTMAS,MADNESS ATTACKS,DWARFS ALTER,HAUNTING PIANIST,MOONWALKER FOOL,YOUTH KICK,BUTTERFLY CHOCOLAT,SLEEPY JAPANESE,SOLDIERS EVOLUTION,UNFORGIVEN ZOOLANDER,MERMAID INSECTS,NORTHWEST POLISH,ROSES TREASURE,SIERRA DIVIDE,CASSIDY WYOMING,GAMES BOWFINGER",674,2689.24999999997
434,MARY TANDY,"DEVIL DESIRE,PRIMARY GLASS,SHRUNK DIVINE,TRUMAN CRAZY,FALCON VOLUME,HOLOCAUST HIGHBALL,MAKER GABLES,MURDER ANTITRUST,UPTOWN YOUNG,ZOOLANDER FICTION,REQUIEM TYCOON,VOYAGE LEGALLY,SWEDEN SHINING,WARS PLUTO,CHILL LUCK,DIARY PANIC,QUEEN LUKE,SPINAL ROCKY,DANGEROUS UPTOWN,GRAPES FURY,SCHOOL JACKET,WAR NOTTING,TREASURE COMMAND,DESTINY SATURDAY,ENDING CROWDS,BARBARELLA STREETCAR,GARDEN ISLAND,GLEAMING JAWBREAKER,PHILADELPHIA WIFE,FUGITIVE MAGUIRE,HORROR REIGN",535,2213.61999999999
868,MATTHEW CARREY,"LUST LOCK,MINDS TRUMAN,TRIP NEWTON,WORST BANGER,BLACKOUT PRIVATE,INCH JET,SNOWMAN ROLLERCOASTER,TITANIC BOONDOCK,CIRCUS YOUTH,HEARTBREAKERS BRIGHT,ROOTS REMEMBER,TADPOLE PARK,LIFE TWISTED,MULAN MOON,ARMY FLINTSTONES,HARRY IDAHO,LUCK OPUS,TRANSLATION SUMMER,AFRICAN EGG,BLUES INSTINCT,HOUSE DYNAMITE,FICTION CHRISTMAS,GRINCH MASSAGE,GUN BONNIE,LADYBUGS ARMAGEDDON,MADRE GABLES,MOONSHINE CABIN,FAMILY SWEET,SWARM GOLD,BIRCH ANTITRUST,UNCUT SUICIDES,CROWDS TELEMARK,NONE SPIKING,HOLES BRANNIGAN,SQUAD FISH,DISCIPLE MOTHER,ENOUGH RAGING,MUSCLE BRIGHT,SUPERFLY TRIP",678,2742.18999999996
532,MATTHEW JOHANSSON,"CAMPUS REMEMBER,DANCES NONE,SUGAR WONKA,LIGHTS DEER,MALKOVICH PET,TOMORROW HUSTLER,CONQUERER NUTS,HANGING DEEP,SCORPION APOLLO,INDIAN LOVE,BABY HALL,SCHOOL JACKET,CLONES PINOCCHIO,DRIVING POLISH,RUNNER MADIGAN,VANISHING ROCKY,FLASH WARS,CROWDS TELEMARK,DURHAM PANKY,LOSER HUSTLER",317,1559.83
903,MATTHEW LEIGH,"CELEBRITY HORN,EASY GLADIATOR,FIREHOUSE VIETNAM,GLASS DYING,CANYON STOCK,POTLUCK MIXED,GIANT TROOPERS,ROBBERS JOON,TOMORROW HUSTLER,CUPBOARD SINNERS,DANCING FEVER,DELIVERANCE MULHOLLAND,MOB DUFFEL,ORIENT CLOSER,VIETNAM SMOOCHY,AFRICAN EGG,FINDING ANACONDA,HOUSE DYNAMITE,OPPOSITE NECKLACE,SOUP WISDOM,DAWN POND,WANDA CHAMBER,FREAKY POCUS,GREATEST NORTH,ENGLISH BULWORTH,TROJAN TOMORROW,CRUSADE HONEY,GAMES BOWFINGER,MUSCLE BRIGHT,TRAFFIC HOBBIT",523,1969.76
826,MEG HAWKE,"GORGEOUS BINGO,MAKER GABLES,SABRINA MIDNIGHT,GILMORE BOILED,SUMMER SCARFACE,VOYAGE LEGALLY,CRAZY HOME,INTOLERABLE INTENTIONS,SAGEBRUSH CLUELESS,CHILL LUCK,REUNION WITCHES,GANDHI KWAI,HOUSE DYNAMITE,ORANGE GRAPES,VISION TORQUE,MASK PEACH,VAMPIRE WHALE,CONNECTICUT TRAMP,FIDDLER LOST,VACATION BOONDOCK,CRUSADE HONEY,DROP WATERFRONT,HYSTERICAL GRAIL,FUGITIVE MAGUIRE,LIAISONS SWEET,PAPI NECKLACE,SPEED SUIT",424,1698.76
868,MENA HOPPER,"DARN FORRESTER,THEORY MERMAID,WRONG BEHAVIOR,CONSPIRACY SPIRIT,CORE SUIT,GILMORE BOILED,LOVER TRUMAN,AIRPLANE SIERRA,UNITED PILOT,YOUNG LANGUAGE,APOLLO TEEN,SAINTS BRIDE,CHASING FIGHT,ALIEN CENTER,HIGHBALL POTTER,PURPLE MOVIE,LAMBS CINCINATTI,TAXI KICK,ANONYMOUS HUMAN,BUBBLE GROSSE,FLATLINERS KILLER,SATURDAY LAMBS,FACTORY DRAGON,SUPERFLY TRIP",356,1396.44
518,MENA TEMPLE,"CASUALTIES ENCINO,PRIMARY GLASS,EARLY HOME,MICROCOSMOS PARADISE,GILMORE BOILED,REQUIEM TYCOON,ACADEMY DINOSAUR,BEACH HEARTBREAKERS,MIGHTY LUCK,RESURRECTION SILVERADO,VISION TORQUE,WASH HEAVENLY,ICE CROSSING,LAMBS CINCINATTI,ALABAMA DEVIL,CARRIE BUNCH,BALLOON HOMEWARD,WIZARD COLDBLOODED,BUTTERFLY CHOCOLAT,INTERVIEW LIAISONS,JUMANJI BLADE,JUNGLE CLOSER,VARSITY TRIP,ENGLISH BULWORTH,DROP WATERFRONT,MILE MULAN,CONTACT ANONYMOUS,FELLOWSHIP AUTUMN,GUMP DATE,LIAISONS SWEET",523,2048.77
872,MERYL ALLEN,"BERETS AGENT,SHEPHERD MIDSUMMER,VELVET TERMINATOR,BRIGHT ENCOUNTERS,KILLER INNOCENT,JET NEIGHBORS,LOSE INCH,ROCKETEER MOTHER,DAWN POND,DIRTY ACE,GATHERING CALENDAR,ALABAMA DEVIL,HIGH ENCINO,BOOGIE AMELIE,CLUE GRAIL,CLYDE THEORY,ARTIST COLDBLOODED,CHANCE RESURRECTION,RECORDS ZORRO,VICTORY ACADEMY,BORN SPINAL,SWEET BROTHERHOOD",380,1753.18
988,MERYL GIBSON,"CADDYSHACK JEDI,SKY MIRACLE,CROSSROADS CASUALTIES,DARES PLUTO,FIGHT JAWBREAKER,JUGGLER HARDLY,MODEL FISH,ELEMENT FREDDY,PINOCCHIO SIMON,EGG IGBY,PRINCESS GIANT,ENCOUNTERS CURTAIN,HANGING DEEP,COMMAND DARLING,HAPPINESS UNITED,HOLIDAY GAMES,HUNGER ROOF,INTRIGUE WORST,CHICAGO NORTH,STATE WASTELAND,CLONES PINOCCHIO,WAKE JAWS,MOURNING PURPLE,ANONYMOUS HUMAN,JADE BUNCH,COMFORTS RUSH,FACTORY DRAGON,WORKER TARZAN",450,1786.52
496,MICHAEL BENING,"PARK CITIZEN,WOMEN DORADO,COMANCHEROS ENEMY,STRANGELOVE DESIRE,STRANGER STRANGERS,NEWSIES STORY,BEAUTY GREASE,NECKLACE OUTBREAK,SPICE SORORITY,HUNTING MUSKETEERS,MUSIC BOONDOCK,SENSIBILITY REAR,ALAMO VIDEOTAPE,PURPLE MOVIE,GATHERING CALENDAR,REEF SALUTE,SPIRIT FLINTSTONES,SILENCE KANE,TELEGRAPH VOYAGE,PIANIST OUTFIELD,EYES DRIVING,SLIPPER FIDELITY,IGBY MAKER,KICK SAVANNAH",392,1443.08
518,MICHAEL BOLGER,"GLASS DYING,LAWLESS VISION,TELEMARK HEARTBREAKERS,SANTA PARIS,MALKOVICH PET,PREJUDICE OLEANDER,AIRPLANE SIERRA,DYING MAKER,HOMEWARD CIDER,METAL ARMAGEDDON,WIFE TURN,SOMETHING DUCK,TENENBAUMS COMMAND,HOUSE DYNAMITE,MIXED DOORS,STEPMOM DREAM,MARS ROMAN,TYCOON GATHERING,KARATE MOON,PATTON INTERVIEW,WATERSHIP FRONTIER,HEAVENLY GUN,BREAKFAST GOLDFINGER,IDAHO LOVE,RIDGEMONT SUBMARINE,UNBREAKABLE KARATE,CHARIOTS CONSPIRACY,NOVOCAINE FLIGHT,ENOUGH RAGING,LIAISONS SWEET",553,2401.47999999998
628,MICHELLE MCCONAUGHEY,"SOUTH WAIT,SUSPECTS QUILLS,WATERFRONT DELIVERANCE,WAIT CIDER,FARGO GANDHI,FULL FLATLINERS,DRACULA CRYSTAL,REQUIEM TYCOON,DADDY PITTSBURGH,INTOLERABLE INTENTIONS,SPOILERS HELLFIGHTERS,KWAI HOMEWARD,BAKED CLEOPATRA,BANG KWAI,EVERYONE CRAFT,HELLFIGHTERS SIERRA,MIXED DOORS,DETAILS PACKER,PANKY SUBMARINE,BOWFINGER GABLES,STREETCAR INTENTIONS,IMAGE PRINCESS,NORTHWEST POLISH",378,1765.22
872,MILLA KEITEL,"NOON PAPI,JERK PAYCHECK,LOVER TRUMAN,PATIENT SISTER,ANTHEM LUKE,PURE RUNNER,SPOILERS HELLFIGHTERS,NATURAL STOCK,SENSIBILITY REAR,COWBOY DOOM,CROSSING DIVORCE,CANDLES GRAPES,ROXANNE REBEL,WANDA CHAMBER,HIGH ENCINO,SLEEPING SUSPECTS,FLASH WARS,REDEMPTION COMFORTS,ATTACKS HATE,DAISY MENAGERIE,OPEN AFRICAN,DURHAM PANKY,KRAMER CHOCOLATE,SQUAD FISH,TRADING PINOCCHIO,MADIGAN DORADO,STONE FIRE,SWEET BROTHERHOOD",430,2148.7
878,MILLA PECK,"BAREFOOT MANCHURIAN,DREAM PICKUP,MIDNIGHT WESTWARD,CLASH FREDDY,JUGGLER HARDLY,DAUGHTER MADIGAN,ROBBERS JOON,WRONG BEHAVIOR,PREJUDICE OLEANDER,RUSHMORE MERMAID,RAIDERS ANTITRUST,JACKET FRISCO,NECKLACE OUTBREAK,SEATTLE EXPECATIONS,CALENDAR GUNFIGHT,FEATHERS METAL,ROCK INSTINCT,TEMPLE ATTRACTION,WATERSHIP FRONTIER,FATAL HAUNTED,WHISPERER GIANT,CHANCE RESURRECTION,PEACH INNOCENT,TEEN APOLLO",432,1966.66
988,MINNIE KILMER,"RINGS HEARTBREAKERS,CONSPIRACY SPIRIT,JEEPERS WEDDING,LOVELY JINGLE,HUSTLER PARTY,SADDLE ANTITRUST,VELVET TERMINATOR,NORTH TEQUILA,BEETHOVEN EXORCIST,SAVANNAH TOWN,DINOSAUR SECRETARY,JASON TRAP,BABY HALL,JET NEIGHBORS,TYCOON GATHERING,CHAPLIN LICENSE,STOCK GLASS,DAISY MENAGERIE,SOLDIERS EVOLUTION,WORKER TARZAN",291,1417.09
543,MINNIE ZELLWEGER,"SUSPECTS QUILLS,INSECTS STONE,SANTA PARIS,ALICE FANTASIA,EXTRAORDINARY CONQUERER,TOMORROW HUSTLER,JAWS HARRY,LIFE TWISTED,BILL OTHERS,BONNIE HOLOCAUST,SMOKING BARBARELLA,WARS PLUTO,NOTTING SPEAKEASY,CHOCOLATE DUCK,EVERYONE CRAFT,FRIDA SLIPPER,HOLIDAY GAMES,WAR NOTTING,MONSOON CAUSE,ACE GOLDFINGER,BOWFINGER GABLES,JAPANESE RUN,DAY UNFAITHFUL,MANNEQUIN WORST,EXPRESS LONELY,RAGING AIRPLANE,GROOVE FICTION,HYSTERICAL GRAIL,PICKUP DRIVING,TALENTED HOMICIDE,MADIGAN DORADO",404,1606.97
981,MORGAN HOPKINS,"EXCITEMENT EVE,RINGS HEARTBREAKERS,RUGRATS SHAKESPEARE,STAGECOACH ARMAGEDDON,CANDIDATE PERDITION,DRACULA CRYSTAL,LOATHING LEGALLY,PINOCCHIO SIMON,DECEIVER BETRAYED,HARRY IDAHO,WEST LION,PRIX UNDEFEATED,GENTLEMEN STAGE,PET HAUNTING,RESERVOIR ADAPTATION,ARACHNOPHOBIA ROLLERCOASTER,DRUMS DYNAMITE,UNCUT SUICIDES,REIGN GENTLEMEN,FLATLINERS KILLER,RECORDS ZORRO,TIGHTS DAWN,BOILED DARES,CONTACT ANONYMOUS,ORDER BETRAYED,PAPI NECKLACE,WOLVES DESIRE",494,1869.05
339,MORGAN MCDORMAND,"CLUELESS BUCKET,CROW GREASE,DARKO DORADO,BETRAYED REAR,WRONG BEHAVIOR,HOLY TADPOLE,CRAZY HOME,SAGEBRUSH CLUELESS,SPICE SORORITY,SUNSET RACER,ILLUSION AMELIE,WASH HEAVENLY,SLEUTH ORIENT,SUIT WALLS,ALI FOREVER,BOULEVARD MOB,FATAL HAUNTED,LOVERBOY ATTACKS,TROOPERS METAL,DIVORCE SHINING,DRIVER ANNIE,HOLES BRANNIGAN,NEIGHBORS CHARADE,STAR OPERATION,FROGMEN BREAKING",396,1646.05
224,MORGAN WILLIAMS,"BAREFOOT MANCHURIAN,LORD ARIZONA,CLUB GRAFFITI,EARLY HOME,HORN WORKING,JUGGLER HARDLY,MASSAGE IMAGE,PUNK DIVORCE,FARGO GANDHI,POLISH BROOKLYN,ALICE FANTASIA,DRACULA CRYSTAL,HEAVEN FREEDOM,SAINTS BRIDE,MOVIE SHAKESPEARE,MUSIC BOONDOCK,SPLASH GUMP,AGENT TRUMAN,BREAKING HOME,GUYS FALCON,DRIVER ANNIE,DURHAM PANKY,HYSTERICAL GRAIL,ROSES TREASURE,STAR OPERATION,TUXEDO MILE,DESPERATE TRAINSPOTTING",450,1873.5
645,NATALIE HOPKINS,"CADDYSHACK JEDI,FANTASY TROOPERS,FOOL MOCKINGBIRD,HILLS NEIGHBORS,REAR TRADING,RINGS HEARTBREAKERS,DOORS PRESIDENT,TWISTED PIRATES,CONNECTION MICROCOSMOS,PERFECT GROOVE,DOZEN LION,EGG IGBY,MAJESTIC FLOATS,HAROLD FRENCH,KWAI HOMEWARD,TORQUE BOUND,HOUSE DYNAMITE,JASON TRAP,NETWORK PEAK,SIEGE MADRE,SPINAL ROCKY,WAR NOTTING,FEATHERS METAL,MONSOON CAUSE,STAMPEDE DISTURBING,NUTS TIES,LICENSE WEEKEND,UNFORGIVEN ZOOLANDER,GRACELAND DYNAMITE,HOLES BRANNIGAN,ESCAPE METROPOLIS,OTHERS SOUP",534,2058.66
361,NICK DEGENERES,"ARK RIDGEMONT,FLYING HOOK,BETRAYED REAR,EXTRAORDINARY CONQUERER,ZORRO ARK,NEWSIES STORY,SHIP WONDERLAND,BEAUTY GREASE,CHITTY LOCK,GOLDFINGER SENSIBILITY,VIRGIN DAISY,SUPER WYOMING,PET HAUNTING,FEATHERS METAL,BOOGIE AMELIE,DRIVING POLISH,HOME PITY,ANGELS LIFE,MINE TITANS,BARBARELLA STREETCAR,RANDOM GO,GLEAMING JAWBREAKER",365,1875.33
878,NICK STALLONE,"SPEAKEASY DATE,WOMEN DORADO,TEQUILA PAST,TOOTSIE PILOT,DOOM DANCING,MULAN MOON,BEACH HEARTBREAKERS,WAGON JAWS,VIRGIN DAISY,BRAVEHEART HUMAN,EFFECT GLADIATOR,MONSOON CAUSE,PRIVATE DROP,STRANGERS GRAFFITI,ZHIVAGO CORE,BUTTERFLY CHOCOLAT,JUMANJI BLADE,RUNAWAY TENENBAUMS,VARSITY TRIP,CONGENIALITY QUEST,FLATLINERS KILLER,HOLES BRANNIGAN,MOSQUITO ARMAGEDDON,TALENTED HOMICIDE,TRADING PINOCCHIO,BOILED DARES,BORN SPINAL,HORROR REIGN,SHANGHAI TYCOON,TEEN APOLLO",479,1796.23
811,NICK WAHLBERG,"BULL SHAWSHANK,FIGHT JAWBREAKER,JERSEY SASSY,DRACULA CRYSTAL,GILBERT PELICAN,MALLRATS UNITED,RUSHMORE MERMAID,ADAPTATION HOLES,WARDROBE PHANTOM,APACHE DIVINE,CHISUM BEHAVIOR,INDIAN LOVE,MAGUIRE APACHE,BABY HALL,HAPPINESS UNITED,ROOF CHAMPION,LUCKY FLYING,DESTINY SATURDAY,FLASH WARS,JEKYLL FROGMEN,MASK PEACH,CHAINSAW UPTOWN,GOODFELLAS SALUTE,LIAISONS SWEET,SMILE EARRING",387,1617.13
903,OLYMPIA PFEIFFER,"FIREHOUSE VIETNAM,MAGNOLIA FORRESTER,STORM HAPPINESS,TITANIC BOONDOCK,WAIT CIDER,IDOLS SNATCHERS,MURDER ANTITRUST,SANTA PARIS,COLOR PHILADELPHIA,DEEP CRUSADE,INTOLERABLE INTENTIONS,CHITTY LOCK,EFFECT GLADIATOR,MAUDE MOD,ICE CROSSING,MARS ROMAN,PSYCHO SHRUNK,BADMAN DAWN,EXPRESS LONELY,HANKY OCTOBER,NONE SPIKING,SENSE GREEK,TOURIST PELICAN,CONTACT ANONYMOUS,FUGITIVE MAGUIRE,OTHERS SOUP,SWEET BROTHERHOOD,TRAFFIC HOBBIT",475,1853.25
41,OPRAH KILMER,"MIDNIGHT WESTWARD,PARK CITIZEN,WEREWOLF LOLA,ALTER VICTORY,CAROL TEXAS,HEARTBREAKERS BRIGHT,SHEPHERD MIDSUMMER,AIRPLANE SIERRA,ANTHEM LUKE,HEAVEN FREEDOM,ACADEMY DINOSAUR,BONNIE HOLOCAUST,COAST RAINBOW,EGG IGBY,APOLLO TEEN,KISS GLORY,AFFAIR PREJUDICE,HIGH ENCINO,TREASURE COMMAND,OLEANDER CLUE,APOCALYPSE FLAMINGOS,ELIZABETH SHANE,MUSSOLINI SPOILERS,STEERS ARMAGEDDON,ARSENIC INDEPENDENCE",366,1473.34
836,PARKER GOLDBERG,"ARK RIDGEMONT,WORST BANGER,INCH JET,SONS INTERVIEW,SCARFACE BANG,TIES HUNGER,RIGHT CRANES,JAWS HARRY,HAWK CHILL,SAVANNAH TOWN,SPINAL ROCKY,MEET CHOCOLATE,SPIRIT FLINTSTONES,BALLOON HOMEWARD,CONFIDENTIAL INTERVIEW,LUCKY FLYING,WIZARD COLDBLOODED,IDAHO LOVE,LOVERBOY ATTACKS,EXPRESS LONELY,FISH OPUS,DRIVER ANNIE,INSTINCT AIRPORT,SQUAD FISH",352,1569.47
233,PENELOPE CRONYN,"AMADEUS HOLY,ENTRAPMENT SATISFACTION,BIKINI BORROWERS,DUCK RACER,MISSION ZOOLANDER,TITANIC BOONDOCK,BEAR GRACELAND,ZOOLANDER FICTION,CORE SUIT,PARADISE SABRINA,ARMY FLINTSTONES,CLERKS ANGELS,UNTOUCHABLES SUNRISE,VIRGINIAN PLUTO,HAROLD FRENCH,ROCKY WAR,FEUD FROGMEN,CRYSTAL BREAKING,MUPPET MILE,WONDERFUL DROP,FIDELITY DEVIL,LADY STAGE,MOTIONS DETAILS,TRAIN BUNCH,LEGEND JEDI,CHAPLIN LICENSE,PIANIST OUTFIELD,ARMAGEDDON LOST,HAMLET WISDOM,INSTINCT AIRPORT,DISCIPLE MOTHER",461,1846.39
361,PENELOPE GUINESS,"ANACONDA CONFESSIONS,LANGUAGE COWBOY,COLOR PHILADELPHIA,WESTWARD SEABISCUIT,VERTIGO NORTHWEST,ACADEMY DINOSAUR,KING EVOLUTION,SPLASH GUMP,MULHOLLAND BEAST,BULWORTH COMMANDMENTS,HUMAN GRAFFITI,ELEPHANT TROJAN,LADY STAGE,RULES HUMAN,WIZARD COLDBLOODED,ANGELS LIFE,OKLAHOMA JUMANJI,CHEAPER CLYDE,GLEAMING JAWBREAKER",305,1230.94
894,PENELOPE MONROE,"PARK CITIZEN,REAR TRADING,TRIP NEWTON,DARES PLUTO,JUGGLER HARDLY,CHRISTMAS MOONSHINE,DOCTOR GRAIL,HOLOCAUST HIGHBALL,BEDAZZLED MARRIED,DINOSAUR SECRETARY,PITTSBURGH HUNCHBACK,RANGE MOONWALKER,HELLFIGHTERS SIERRA,ORANGE GRAPES,ROUGE SQUAD,REEF SALUTE,SPIRIT FLINTSTONES,DRIVING POLISH,CHINATOWN GLADIATOR,MONEY HAROLD,WYOMING STORM,POSEIDON FOREVER,TOURIST PELICAN,BASIC EASY,LEATHERNECKS DWARFS,ORDER BETRAYED,TOMATOES HELLFIGHTERS",434,1752.66
988,PENELOPE PINKETT,"EXCITEMENT EVE,JUGGLER HARDLY,LAWLESS VISION,OZ LIAISONS,CORE SUIT,WESTWARD SEABISCUIT,LION UNCUT,RUSHMORE MERMAID,SUBMARINE BED,CAUSE DATE,CIDER DESIRE,GANDHI KWAI,MADRE GABLES,STATE WASTELAND,SUIT WALLS,FAMILY SWEET,MOTIONS DETAILS,PARIS WEEKEND,WORLD LEATHERNECKS,OLEANDER CLUE,TROOPERS METAL,ENGLISH BULWORTH,SATURDAY LAMBS,BOILED DARES,WORKER TARZAN",461,1797.41
342,RALPH CRUZ,"DARN FORRESTER,CANYON STOCK,CASPER DRAGONFLY,EMPIRE MALKOVICH,FULL FLATLINERS,MAKER GABLES,POLISH BROOKLYN,FROST HEAD,PINOCCHIO SIMON,SUBMARINE BED,NEWSIES STORY,POCUS PULP,SHIP WONDERLAND,THIN SAGEBRUSH,RACER EGG,WITCHES PANIC,CONFUSED CANDLES,DUMBO LUST,DANGEROUS UPTOWN,GLORY TRACY,SLEUTH ORIENT,VIDEOTAPE ARSENIC,JAPANESE RUN,HOURS RAGE,BEVERLY OUTLAW,DUDE BLINDNESS,NEIGHBORS CHARADE,FUGITIVE MAGUIRE",453,1844.47
543,RAY JOHANSSON,"MENAGERIE RUSHMORE,CASPER DRAGONFLY,EMPIRE MALKOVICH,STRANGELOVE DESIRE,ARIZONA BANG,IRON MOON,ISLAND EXORCIST,PREJUDICE OLEANDER,FREEDOM CLEOPATRA,ADAPTATION HOLES,NATIONAL STORY,UNITED PILOT,GABLES METROPOLIS,MANCHURIAN CURTAIN,SPLASH GUMP,MOONWALKER FOOL,OUTBREAK DIVINE,LADY STAGE,UNCUT SUICIDES,WIZARD COLDBLOODED,IDAHO LOVE,METROPOLIS COMA,SUICIDES SILENCE,ALADDIN CALENDAR,CRUSADE HONEY,EVOLUTION ALTER,BOONDOCK BALLROOM,BORN SPINAL,FELLOWSHIP AUTUMN,MADIGAN DORADO",456,1973.44
503,REESE KILMER,"CAMPUS REMEMBER,ALTER VICTORY,FORRESTER COMANCHEROS,TRACY CIDER,BENEATH RUSH,JERK PAYCHECK,LOVER TRUMAN,TOMORROW HUSTLER,KNOCK WARLOCK,PINOCCHIO SIMON,WISDOM WORKER,COAST RAINBOW,DEEP CRUSADE,HAWK CHILL,UNITED PILOT,SECRETS PARADISE,SLUMS DUCK,WILLOW TRACY,CRYSTAL BREAKING,HIGHBALL POTTER,INTRIGUE WORST,TOWN ARK,CANDLES GRAPES,LAMBS CINCINATTI,BEHAVIOR RUNAWAY,SCALAWAG DUCK,SILENCE KANE,UNBREAKABLE KARATE,RANDOM GO,CRANES RESERVOIR,INSTINCT AIRPORT,KRAMER CHOCOLATE",548,2273.51999999999
123,REESE WEST,"ANTITRUST TOMATOES,DOORS PRESIDENT,TURN STAR,GORGEOUS BINGO,DRACULA CRYSTAL,MALKOVICH PET,SNATCHERS MONTEZUMA,VOLUME HOUSE,LIFE TWISTED,CAUSE DATE,COAST RAINBOW,HOBBIT ALIEN,SAINTS BRIDE,WITCHES PANIC,BEDAZZLED MARRIED,CHOCOLAT HARRY,REMEMBER DIARY,AGENT TRUMAN,LOSE INCH,SCHOOL JACKET,CREATURES SHAKESPEARE,ROUGE SQUAD,DRUMS DYNAMITE,YENTL IDAHO,RUNNER MADIGAN,GODFATHER DIARY,WILD APOLLO,GOODFELLAS SALUTE,WEEKEND PERSONAL,MOSQUITO ARMAGEDDON,NORTHWEST POLISH,POSEIDON FOREVER,CASABLANCA SUPER",553,2299.46999999999
914,RENEE BALL,"ANTITRUST TOMATOES,HILLS NEIGHBORS,PATRIOT ROMAN,CABIN FLASH,COMANCHEROS ENEMY,GHOST GROUNDHOG,SCARFACE BANG,EXTRAORDINARY CONQUERER,MAGNIFICENT CHITTY,CAT CONEHEADS,TRAMP OTHERS,HUNTER ALTER,BRIGHT ENCOUNTERS,GREEDY ROOTS,UNFAITHFUL KILL,KING EVOLUTION,NATURAL STOCK,HOTEL HAPPINESS,WIND PHANTOM,DESERT POSEIDON,ALONE TRIP,BALLOON HOMEWARD,BIRDCAGE CASPER,ANGELS LIFE,LOVERBOY ATTACKS,MASK PEACH,BINGO TALENTED,NONE SPIKING,JADE BUNCH,PERDITION FARGO,SENSE GREEK,DESPERATE TRAINSPOTTING,TROUBLE DATE",499,2058.02
785,RENEE TRACY,"HANDICAP BOONDOCK,QUEST MUSSOLINI,THIEF PELICAN,HOLLYWOOD ANONYMOUS,INVASION CYCLONE,SUNDANCE INVASION,CREEPERS KANE,HOPE TOOTSIE,MILLION ACE,CONNECTION MICROCOSMOS,SMOKING BARBARELLA,UNTOUCHABLES SUNRISE,ROCKY WAR,EFFECT GLADIATOR,MAGUIRE APACHE,RAGE GAMES,SECRETS PARADISE,ALIEN CENTER,DOUBTFIRE LABYRINTH,FRIDA SLIPPER,INFORMER DOUBLE,ROCKETEER MOTHER,FIRE WOLVES,SILENCE KANE,EYES DRIVING,SPIRITED CASUALTIES,ALADDIN CALENDAR,ARTIST COLDBLOODED,CRUSADE HONEY,COMA HEAD,DESPERATE TRAINSPOTTING,SHANE DARKNESS,SHAWSHANK BUBBLE",546,2321.55999999999
894,RICHARD PENN,"DARKO DORADO,MONTEZUMA COMMAND,EMPIRE MALKOVICH,MODEL FISH,PAJAMA JAWBREAKER,AIRPLANE SIERRA,GROUNDHOG UNCUT,HEAVEN FREEDOM,WAGON JAWS,CONEHEADS SMOOCHY,GONE TROUBLE,LEBOWSKI SOLDIERS,TENENBAUMS COMMAND,RESURRECTION SILVERADO,ILLUSION AMELIE,GASLIGHT CRUSADE,BALLOON HOMEWARD,CHAMBER ITALIAN,EARTH VISION,OKLAHOMA JUMANJI,SLEEPY JAPANESE,VAMPIRE WHALE,FRISCO FORREST,GUYS FALCON,HANKY OCTOBER,INSTINCT AIRPORT,ENOUGH RAGING,FUGITIVE MAGUIRE,SUPERFLY TRIP,TOMATOES HELLFIGHTERS",465,1770.37
103,RIP CRAWFORD,"AMERICAN CIRCUS,FOOL MOCKINGBIRD,FORREST SONS,RINGS HEARTBREAKERS,DONNIE ALLEY,MASSAGE IMAGE,OSCAR GOLD,HALL CASSIDY,POLISH BROOKLYN,LONELY ELEPHANT,TRAMP OTHERS,MADISON TRAP,CRAFT OUTFIELD,DESTINATION JERK,SAINTS BRIDE,CHOCOLAT HARRY,GABLES METROPOLIS,PITTSBURGH HUNCHBACK,RANGE MOONWALKER,SIEGE MADRE,CYCLONE FAMILY,SORORITY QUEEN,ALABAMA DEVIL,ARABIA DOGMA,TEXAS WATCH,TRAIN BUNCH,BOULEVARD MOB,BRANNIGAN SUNRISE,FRONTIER CABIN,OKLAHOMA JUMANJI,GUYS FALCON,SATURDAY LAMBS,BUCKET BROTHERHOOD",513,2271.88
386,RIP WINSLET,"DANCES NONE,FLOATS GARDEN,GILBERT PELICAN,KILL BROTHERHOOD,SPOILERS HELLFIGHTERS,HANGING DEEP,QUEEN LUKE,DATE SPEED,FINDING ANACONDA,GREEK EVERYONE,HOTEL HAPPINESS,MUPPET MILE,WHALE BIKINI,DAWN POND,FORWARD TEMPLE,PANKY SUBMARINE,ROXANNE REBEL,STAMPEDE DISTURBING,ALABAMA DEVIL,PATTON INTERVIEW,CHAMBER ITALIAN,CLUE GRAIL,DRIVING POLISH,GREATEST NORTH,ATTRACTION NEWTON,EXPRESS LONELY,STALLION SUNDANCE,PERDITION FARGO,GAMES BOWFINGER,GUMP DATE",404,1853.97
88,RITA REYNOLDS,"LUKE MUMMY,MAKER GABLES,GILBERT PELICAN,JERK PAYCHECK,SNATCH SLIPPER,TRAINSPOTTING STRANGERS,NATIONAL STORY,EARRING INSTINCT,INDIAN LOVE,COMMAND DARLING,GENTLEMEN STAGE,IMPOSSIBLE PREJUDICE,ARACHNOPHOBIA ROLLERCOASTER,BEHAVIOR RUNAWAY,FLAMINGOS CONNECTICUT,GODFATHER DIARY,NORTHWEST POLISH,RECORDS ZORRO,ARSENIC INDEPENDENCE,BORN SPINAL",294,1420.06
878,RIVER DEAN,"PARK CITIZEN,DOGMA FAMILY,POND SEATTLE,JERSEY SASSY,HATE HANDICAP,MYSTIC TRUMAN,PARTY KNOCK,PINOCCHIO SIMON,TRAMP OTHERS,INDEPENDENCE HOTEL,KILL BROTHERHOOD,MIGHTY LUCK,POCUS PULP,BLADE POLISH,QUEEN LUKE,WARDROBE PHANTOM,CONFUSED CANDLES,MOVIE SHAKESPEARE,BABY HALL,SHREK LICENSE,SORORITY QUEEN,CHICAGO NORTH,DIRTY ACE,FIRE WOLVES,MARS ROMAN,SPIRIT FLINTSTONES,GLEAMING JAWBREAKER,FROGMEN BREAKING,GUMP DATE,SWEET BROTHERHOOD,TEEN APOLLO",476,1936.25
989,ROCK DUKAKIS,"CADDYSHACK JEDI,DESIRE ALIEN,STORM HAPPINESS,ALICE FANTASIA,SNATCHERS MONTEZUMA,LONELY ELEPHANT,SEARCHERS WAIT,ACADEMY DINOSAUR,DANCING FEVER,HEAVYWEIGHTS BEAST,UNITED PILOT,CHITTY LOCK,HANGING DEEP,PATHS CONTROL,FICTION CHRISTMAS,MAUDE MOD,SCISSORHANDS SLUMS,LADY STAGE,MONTEREY LABYRINTH,BALLOON HOMEWARD,EVE RESURRECTION,FRISCO FORREST,ALADDIN CALENDAR,BUBBLE GROSSE,FLATLINERS KILLER,LESSON CLEOPATRA,MUMMY CREATURES,SEABISCUIT PUNK,WORKER TARZAN,WORKING MICROCOSMOS",469,1929.31
988,RUSSELL BACALL,"SUSPECTS QUILLS,SUNRISE LEAGUE,IDOLS SNATCHERS,ARIZONA BANG,CRAZY HOME,HURRICANE AFFAIR,CONFESSIONS MAGUIRE,PAYCHECK WAIT,REUNION WITCHES,SEA VIRGIN,DINOSAUR SECRETARY,MOVIE SHAKESPEARE,PRIX UNDEFEATED,SPINAL ROCKY,MATRIX SNOWMAN,PANKY SUBMARINE,ARABIA DOGMA,STREETCAR INTENTIONS,CINCINATTI WHISPERER,FIDDLER LOST,SOLDIERS EVOLUTION,FLATLINERS KILLER,MUMMY CREATURES,SIERRA DIVIDE,WORKER TARZAN",442,2046.59
914,RUSSELL CLOSE,"STORY SIDE,SUMMER SCARFACE,GUNFIGHT MOON,ARMY FLINTSTONES,MIGHTY LUCK,BILKO ANONYMOUS,RANGE MOONWALKER,VIDEOTAPE ARSENIC,VOLCANO TEXAS,FIDELITY DEVIL,KENTUCKIAN GIANT,OLEANDER CLUE,WON DARES,APOCALYPSE FLAMINGOS,GUYS FALCON,LICENSE WEEKEND,CALIFORNIA BIRDS,GUNFIGHTER MUSSOLINI,TROUBLE DATE",296,1251.05
811,RUSSELL TEMPLE,"CANYON STOCK,CROSSROADS CASUALTIES,GHOST GROUNDHOG,SANTA PARIS,TOWERS HURRICANE,CLOSER BANG,CONNECTION MICROCOSMOS,CRAZY HOME,GOLD RIVER,TRAINSPOTTING STRANGERS,BILL OTHERS,PELICAN COMFORTS,WRATH MILE,CHITTY LOCK,BANG KWAI,CHASING FIGHT,INDIAN LOVE,SLUMS DUCK,VISION TORQUE,GLORY TRACY,VOLCANO TEXAS,UNCUT SUICIDES,BREAKFAST GOLDFINGER,PLATOON INSTINCT,TROOPERS METAL,CITIZEN SHREK,NOVOCAINE FLIGHT,SHAKESPEARE SADDLE,COMFORTS RUSH,FROGMEN BREAKING,SMILE EARRING",465,1820.36
307,SALMA NOLTE,"ANTITRUST TOMATOES,LUST LOCK,FALCON VOLUME,ISHTAR ROCKETEER,JUGGLER HARDLY,OZ LIAISONS,CLOCKWORK PARADISE,DOCTOR GRAIL,JUMPING WRATH,COLOR PHILADELPHIA,BLUES INSTINCT,SIEGE MADRE,WAR NOTTING,WASH HEAVENLY,DETAILS PACKER,PANKY SUBMARINE,ZHIVAGO CORE,BIRDCAGE CASPER,CLONES PINOCCHIO,GO PURPLE,PERSONAL LADYBUGS,REBEL AIRPORT,AMISTAD MIDSUMMER,NEMO CAMPUS,FELLOWSHIP AUTUMN",420,1735.76
981,SANDRA KILMER,"BULL SHAWSHANK,DARN FORRESTER,MAGNOLIA FORRESTER,BLACKOUT PRIVATE,OZ LIAISONS,SONS INTERVIEW,GORGEOUS BINGO,JUMPING WRATH,SPLENDOR PATTON,STRANGER STRANGERS,CANDIDATE PERDITION,LOVELY JINGLE,STREAK RIDGEMONT,SAVANNAH TOWN,HOCUS FRIDA,AGENT TRUMAN,HELLFIGHTERS SIERRA,HOTEL HAPPINESS,CANDLES GRAPES,STATE WASTELAND,SLEEPING SUSPECTS,STREETCAR INTENTIONS,OLEANDER CLUE,PERSONAL LADYBUGS,YOUTH KICK,DESTINY SATURDAY,VANISHED GARDEN,DIVIDE MONSTER,GOLDMINE TYCOON,IDENTITY LOVER,ARTIST COLDBLOODED,DRIVER ANNIE,POSEIDON FOREVER,SHAKESPEARE SADDLE,CASSIDY WYOMING,SPEED SUIT,WOLVES DESIRE",604,2485.95999999998
286,SANDRA PECK,"EXCITEMENT EVE,FIREHOUSE VIETNAM,RINGS HEARTBREAKERS,STAGECOACH ARMAGEDDON,GILBERT PELICAN,ACADEMY DINOSAUR,VIRGINIAN PLUTO,BEETHOVEN EXORCIST,BANG KWAI,DUMBO LUST,MATRIX SNOWMAN,FAMILY SWEET,SILENCE KANE,BIRDS PERDITION,FLASH WARS,BEVERLY OUTLAW,DUDE BLINDNESS,BOONDOCK BALLROOM,ENOUGH RAGING",287,1040.12
785,SCARLETT BENING,"FULL FLATLINERS,INVASION CYCLONE,CREEPERS KANE,SNATCH SLIPPER,SUBMARINE BED,BEETHOVEN EXORCIST,LUCK OPUS,SEATTLE EXPECATIONS,TENENBAUMS COMMAND,DOUBTFIRE LABYRINTH,RESERVOIR ADAPTATION,BULWORTH COMMANDMENTS,FEATHERS METAL,ROOF CHAMPION,WORDS HUNTER,YOUTH KICK,AMISTAD MIDSUMMER,EVE RESURRECTION,FIDDLER LOST,IDENTITY LOVER,CALIFORNIA BIRDS,DUDE BLINDNESS,DURHAM PANKY,FLATLINERS KILLER,MOULIN WAKE,SHAWSHANK BUBBLE",363,1748.36
729,SCARLETT DAMON,"CROW GREASE,MINDS TRUMAN,BORROWERS BEDAZZLED,EARLY HOME,MASSAGE IMAGE,POTLUCK MIXED,BEAR GRACELAND,FARGO GANDHI,LABYRINTH LEAGUE,SANTA PARIS,MILLION ACE,CONNECTION MICROCOSMOS,FRANKENSTEIN STRANGER,MYSTIC TRUMAN,DEEP CRUSADE,CRAFT OUTFIELD,ORIENT CLOSER,SPICE SORORITY,TREATMENT JEKYLL,INDIAN LOVE,RAGE GAMES,ALAMO VIDEOTAPE,MADNESS ATTACKS,DAWN POND,DIRTY ACE,LAMBS CINCINATTI,AFFAIR PREJUDICE,LOLA AGENT,HANOVER GALAXY,EAGLES PANKY,INTERVIEW LIAISONS,DUDE BLINDNESS,GUNFIGHTER MUSSOLINI,IMAGE PRINCESS,NEIGHBORS CHARADE,RIDER CADDYSHACK",572,2655.27999999998
868,SEAN GUINESS,"DARN FORRESTER,FANTASY TROOPERS,LUST LOCK,MOCKINGBIRD HOLLYWOOD,STAGECOACH ARMAGEDDON,FORRESTER COMANCHEROS,HORN WORKING,TELEMARK HEARTBREAKERS,TRACY CIDER,OCTOBER SUBMARINE,PATIENT SISTER,GROUNDHOG UNCUT,LONELY ELEPHANT,SUBMARINE BED,STREAK RIDGEMONT,UNITED PILOT,SCORPION APOLLO,DUMBO LUST,HALF OUTFIELD,HUNTING MUSKETEERS,ALAMO VIDEOTAPE,BROOKLYN DESERT,HAUNTING PIANIST,ACE GOLDFINGER,GO PURPLE,GROSSE WONDERFUL,GRAFFITI LOVE,LICENSE WEEKEND,SOLDIERS EVOLUTION,CRUSADE HONEY,PHILADELPHIA WIFE,IGBY MAKER,SUPERFLY TRIP",599,2423.99999999999
609,SEAN WILLIAMS,"WATERFRONT DELIVERANCE,FLOATS GARDEN,ROOM ROMAN,SUNRISE LEAGUE,IDOLS SNATCHERS,DRACULA CRYSTAL,VELVET TERMINATOR,SAGEBRUSH CLUELESS,WEST LION,MAGUIRE APACHE,NEWTON LABYRINTH,OPUS ICE,FORWARD TEMPLE,WANDA CHAMBER,ARABIA DOGMA,PATTON INTERVIEW,STRANGERS GRAFFITI,OLEANDER CLUE,REBEL AIRPORT,CHINATOWN GLADIATOR,EXPRESS LONELY,DIVORCE SHINING,SEABISCUIT PUNK,ENOUGH RAGING,HAUNTED ANTITRUST,MUSCLE BRIGHT",426,1851.74
606,SIDNEY CROWE,"AMERICAN CIRCUS,ANTITRUST TOMATOES,LORD ARIZONA,TRUMAN CRAZY,DOGMA FAMILY,OZ LIAISONS,EMPIRE MALKOVICH,SUNDANCE INVASION,WRONG BEHAVIOR,CANDIDATE PERDITION,SUBMARINE BED,TRAMP OTHERS,TREATMENT JEKYLL,FINDING ANACONDA,GREASE YOUTH,SIEGE MADRE,ALIEN CENTER,SPY MILE,WORLD LEATHERNECKS,ALASKA PHANTOM,CLONES PINOCCHIO,FREAKY POCUS,ENDING CROWDS,MANNEQUIN WORST,MASK PEACH,PLUTO OLEANDER,RUN PACIFIC,WAKE JAWS,WYOMING STORM,SPIRITED CASUALTIES,TITANS JERK,ARTIST COLDBLOODED,GRACELAND DYNAMITE,MUMMY CREATURES",557,2177.42
299,SISSY SOBIESKI,"SHRUNK DIVINE,SKY MIRACLE,TELEMARK HEARTBREAKERS,CRAZY HOME,FERRIS MOTHER,WISDOM WORKER,COAST RAINBOW,CHITTY LOCK,GONE TROUBLE,MOB DUFFEL,ROCKY WAR,PRIX UNDEFEATED,GREEK EVERYONE,HOOSIERS BIRDCAGE,CLYDE THEORY,OPEN AFRICAN,BORN SPINAL,FACTORY DRAGON",235,902.650000000002
872,SPENCER DEPP,"DRAGON SQUAD,STORY SIDE,WORST BANGER,CANYON STOCK,SNATCHERS MONTEZUMA,WRATH MILE,VIRGIN DAISY,WITCHES PANIC,HELLFIGHTERS SIERRA,MASSACRE USUAL,TYCOON GATHERING,TREASURE COMMAND,ALONE TRIP,HEAVENLY GUN,REBEL AIRPORT,TAXI KICK,SALUTE APOLLO,STING PERSONAL,RANDOM GO,WEEKEND PERSONAL,SENSE GREEK,LEATHERNECKS DWARFS,ORDER BETRAYED,SWEET BROTHERHOOD",356,1558.44
606,SPENCER PECK,"DRAGON SQUAD,DRIFTER COMMANDMENTS,BACKLASH UNDEFEATED,CLOCKWORK PARADISE,CUPBOARD SINNERS,WAGON JAWS,QUEEN LUKE,PILOT HOOSIERS,DANGEROUS UPTOWN,HOLIDAY GAMES,WASH HEAVENLY,PANKY SUBMARINE,SPIRIT FLINTSTONES,SWARM GOLD,CLUE GRAIL,REBEL AIRPORT,REDS POCUS,FIDDLER LOST,MERMAID INSECTS,MOTHER OLEANDER,MUMMY CREATURES",322,1543.78
988,SUSAN DAVIS,"CASUALTIES ENCINO,DRAGON SQUAD,EXCITEMENT EVE,GLASS DYING,LAWRENCE LOVE,BENEATH RUSH,FULL FLATLINERS,JUMPING WRATH,MURDER ANTITRUST,SISTER FREDDY,UPTOWN YOUNG,BEAST HUNCHBACK,LOATHING LEGALLY,SPIKING ELEMENT,MEMENTO ZOOLANDER,SEARCHERS WAIT,VALLEY PACKER,WISDOM WORKER,BED HIGHBALL,BONNIE HOLOCAUST,CLERKS ANGELS,PACIFIC AMISTAD,CHITTY LOCK,LUCK OPUS,PATHS CONTROL,SAINTS BRIDE,NATURAL STOCK,PRIX UNDEFEATED,HOTEL HAPPINESS,MADNESS ATTACKS,WASH HEAVENLY,WONDERFUL DROP,CREATURES SHAKESPEARE,VIDEOTAPE ARSENIC,AIRPORT POLLOCK,EGYPT TENENBAUMS,KARATE MOON,PULP BEVERLY,DRIVING POLISH,VANISHING ROCKY,WIZARD COLDBLOODED,WORDS HUNTER,EVE RESURRECTION,GOODFELLAS SALUTE,NONE SPIKING,PANTHER REDS,TROJAN TOMORROW,ANONYMOUS HUMAN,CARIBBEAN LIBERTY,DURHAM PANKY,STAR OPERATION,LEATHERNECKS DWARFS,SHINING ROSES,WORKER TARZAN",825,3538.73999999994
785,SYLVESTER DERN,"RINGS HEARTBREAKERS,DOORS PRESIDENT,BACKLASH UNDEFEATED,CLOCKWORK PARADISE,SHEPHERD MIDSUMMER,WALLS ARTIST,CREEPERS KANE,PREJUDICE OLEANDER,PARADISE SABRINA,HALLOWEEN NUTS,NEWSIES STORY,PRIX UNDEFEATED,RUSH GOODFELLAS,ENCINO ELF,TEXAS WATCH,ALASKA PHANTOM,CONFIDENTIAL INTERVIEW,BIRDS PERDITION,SUN CONFESSIONS,WEEKEND PERSONAL,INSTINCT AIRPORT,SHAWSHANK BUBBLE",377,1497.23
474,THORA TEMPLE,"CAROL TEXAS,CHRISTMAS MOONSHINE,WRONG BEHAVIOR,CANDIDATE PERDITION,GALAXY SWEETHEARTS,LOVER TRUMAN,MADISON TRAP,VIRGINIAN PLUTO,WARDROBE PHANTOM,AFRICAN EGG,BLANKET BEVERLY,HOCUS FRIDA,INSIDER ARIZONA,TELEGRAPH VOYAGE,INTERVIEW LIAISONS,LOVERBOY ATTACKS,BADMAN DAWN,RANDOM GO,TROJAN TOMORROW,JADE BUNCH",346,1473.52
103,TIM HACKMAN,"PACKER MADIGAN,UPTOWN YOUNG,LIGHTS DEER,SNATCHERS MONTEZUMA,CUPBOARD SINNERS,DEEP CRUSADE,HOMEWARD CIDER,HAROLD FRENCH,MOB DUFFEL,FEUD FROGMEN,CALENDAR GUNFIGHT,HOOSIERS BIRDCAGE,MEET CHOCOLATE,PEARL DESTINY,BEHAVIOR RUNAWAY,WIZARD COLDBLOODED,CHAPLIN LICENSE,FIDDLER LOST,CRUSADE HONEY,MUMMY CREATURES,PEACH INNOCENT,BOILED DARES,BUCKET BROTHERHOOD",324,1430.75
619,TOM MCKELLEN,"CADDYSHACK JEDI,KISSING DOLLS,SHRUNK DIVINE,CLUB GRAFFITI,DESIRE ALIEN,DONNIE ALLEY,MISSION ZOOLANDER,IDOLS SNATCHERS,MAGIC MALLRATS,STRANGER STRANGERS,FREEDOM CLEOPATRA,EGG IGBY,NECKLACE OUTBREAK,SPICE SORORITY,INDIAN LOVE,GENTLEMEN STAGE,PURPLE MOVIE,ANALYZE HOOSIERS,TARZAN VIDEOTAPE,LEGEND JEDI,IDAHO LOVE,FRISCO FORREST,STALLION SUNDANCE,CONGENIALITY QUEST,NEIGHBORS CHARADE",375,1521.24
648,TOM MIRANDA,"SUNRISE LEAGUE,LABYRINTH LEAGUE,KNOCK WARLOCK,MEMENTO ZOOLANDER,VALLEY PACKER,POCUS PULP,RAINBOW SHOCK,TRANSLATION SUMMER,CHASING FIGHT,FEUD FROGMEN,SUPER WYOMING,KISS GLORY,ROCKETEER MOTHER,MADRE GABLES,SUIT WALLS,ANALYZE HOOSIERS,LOLA AGENT,LOVE SUICIDES,PATTON INTERVIEW,TARZAN VIDEOTAPE,UNDEFEATED DALMATIONS,FREAKY POCUS,PERSONAL LADYBUGS,FLAMINGOS CONNECTICUT,SILVERADO GOLDFINGER,TIGHTS DAWN,OUTLAW HANKY",496,2227.04999999999
513,UMA WOOD,"ANTITRUST TOMATOES,CLUELESS BUCKET,CLASH FREDDY,INCH JET,SNOWMAN ROLLERCOASTER,CABIN FLASH,LEGALLY SECRETARY,MODEL FISH,SPLENDOR PATTON,GALAXY SWEETHEARTS,STEEL SANTA,GROUNDHOG UNCUT,LIFE TWISTED,LION UNCUT,HOMEWARD CIDER,METAL ARMAGEDDON,WEDDING APOLLO,TORQUE BOUND,LOLITA WORLD,SPLASH GUMP,FRIDA SLIPPER,GRINCH MASSAGE,MOONWALKER FOOL,MOTIONS DETAILS,ZHIVAGO CORE,ALONE TRIP,REBEL AIRPORT,ATTRACTION NEWTON,CHINATOWN GLADIATOR,DAISY MENAGERIE,SOLDIERS EVOLUTION,DRIVER ANNIE,RIDER CADDYSHACK,BOONDOCK BALLROOM,LEATHERNECKS DWARFS",537,2314.63999999999
989,VAL BOLGER,"AMADEUS HOLY,DRIFTER COMMANDMENTS,PRIMARY GLASS,CANYON STOCK,WATCH TRACY,JERSEY SASSY,MAKER GABLES,MODEL FISH,STRANGER STRANGERS,PATIENT SISTER,PREJUDICE OLEANDER,CAPER MOTIONS,FIREBALL PHILADELPHIA,LONELY ELEPHANT,MALLRATS UNITED,UNITED PILOT,WEDDING APOLLO,CHITTY LOCK,DALMATIONS SWEDEN,PATHS CONTROL,INTRIGUE WORST,TOWN ARK,LAMBS CINCINATTI,STAMPEDE DISTURBING,CARRIE BUNCH,ELEPHANT TROJAN,ALASKA PHANTOM,JAWBREAKER BROOKLYN,YOUTH KICK,METROPOLIS COMA,STALLION SUNDANCE,ALADDIN CALENDAR,DUDE BLINDNESS,SHAWSHANK BUBBLE,WORKING MICROCOSMOS",605,2253.95
894,VIVIEN BASINGER,"SUSPECTS QUILLS,WEREWOLF LOLA,CAROL TEXAS,DONNIE ALLEY,TELEMARK HEARTBREAKERS,BENEATH RUSH,NOON PAPI,TOOTSIE PILOT,CONNECTION MICROCOSMOS,CRAZY HOME,MALLRATS UNITED,NATIONAL STORY,SMOKING BARBARELLA,BEETHOVEN EXORCIST,JACKET FRISCO,HOUSE DYNAMITE,SPARTACUS CHEAPER,BABY HALL,DAWN POND,JERICHO MULAN,STAMPEDE DISTURBING,SIMON NORTH,SPIRIT FLINTSTONES,WORLD LEATHERNECKS,MINORITY KISS,TELEGRAPH VOYAGE,APOCALYPSE FLAMINGOS,CONNECTICUT TRAMP,OPEN AFRICAN,WEEKEND PERSONAL,BUBBLE GROSSE,EXORCIST STING,LOSER HUSTLER,MOULIN WAKE,TOMATOES HELLFIGHTERS",529,2182.73
472,VIVIEN BERGEN,"DRIFTER COMMANDMENTS,EXCITEMENT EVE,HILLS NEIGHBORS,CLASH FREDDY,DONNIE ALLEY,GORGEOUS BINGO,POLISH BROOKLYN,LOVELY JINGLE,LOVER TRUMAN,WESTWARD SEABISCUIT,HOBBIT ALIEN,TRAP GUYS,DIRTY ACE,TYCOON GATHERING,DRUMS DYNAMITE,HIGH ENCINO,JAPANESE RUN,KENTUCKIAN GIANT,STREETCAR INTENTIONS,DRIVING POLISH,ENEMY ODDS,IMPACT ALADDIN,SALUTE APOLLO,STOCK GLASS,VOICE PEACH,CRANES RESERVOIR,MUSSOLINI SPOILERS,SATURDAY LAMBS,TIGHTS DAWN,ITALIAN AFRICAN",527,2238.72999999999
526,WALTER TORN,"CROW GREASE,DANCES NONE,FORREST SONS,SKY MIRACLE,EARLY HOME,FLYING HOOK,CASPER DRAGONFLY,JERSEY SASSY,STRANGELOVE DESIRE,ROOTS REMEMBER,SPIKING ELEMENT,LONELY ELEPHANT,STAGE WORLD,MADISON TRAP,RAIDERS ANTITRUST,HOBBIT ALIEN,LIES TREATMENT,REUNION WITCHES,WARDROBE PHANTOM,WITCHES PANIC,BANG KWAI,SLUMS DUCK,HOOSIERS BIRDCAGE,MULHOLLAND BEAST,STEPMOM DREAM,CURTAIN VIDEOTAPE,LAMBS CINCINATTI,NIGHTMARE CHILL,ARABIA DOGMA,FREDDY STORM,GASLIGHT CRUSADE,MOTIONS DETAILS,AMELIE HELLFIGHTERS,WIZARD COLDBLOODED,HYSTERICAL GRAIL,LESSON CLEOPATRA,MUMMY CREATURES,NOVOCAINE FLIGHT,SIERRA DIVIDE,CASABLANCA SUPER,LOCK REAR",640,2620.61999999998
868,WARREN JACKMAN,"AMERICAN CIRCUS,SKY MIRACLE,OZ LIAISONS,POTTER CONNECTICUT,LANGUAGE COWBOY,SHEPHERD MIDSUMMER,SUBMARINE BED,VERTIGO NORTHWEST,HEAVYWEIGHTS BEAST,SHIP WONDERLAND,BEETHOVEN EXORCIST,CHILL LUCK,CONEHEADS SMOOCHY,CONFESSIONS MAGUIRE,HOBBIT ALIEN,LIES TREATMENT,MEET CHOCOLATE,ROCKETEER MOTHER,TOWN ARK,GRINCH MASSAGE,NAME DETECTIVE,COMMANDMENTS EXPRESS,IMPACT ALADDIN,MONSTER SPARTACUS,OLEANDER CLUE,RUNAWAY TENENBAUMS,BADMAN DAWN,HAMLET WISDOM,MERMAID INSECTS,SHAKESPEARE SADDLE,BOONDOCK BALLROOM,SUPERFLY TRIP",511,2072.89
894,WARREN NOLTE,"DARES PLUTO,POTTER CONNECTICUT,PRIDE ALAMO,THIEF PELICAN,TITANIC BOONDOCK,PAJAMA JAWBREAKER,ROOTS REMEMBER,DOOM DANCING,ACADEMY DINOSAUR,DEEP CRUSADE,WEDDING APOLLO,GREEDY ROOTS,WARDROBE PHANTOM,AGENT TRUMAN,MEET CHOCOLATE,FANTASIA PARK,LADYBUGS ARMAGEDDON,ALABAMA DEVIL,KENTUCKIAN GIANT,PULP BEVERLY,ELF MURDER,GREATEST NORTH,PERSONAL LADYBUGS,REDS POCUS,ROMAN PUNK,MASK PEACH,UNBREAKABLE KARATE,CHARADE DUFFEL,GARDEN ISLAND,PANTHER REDS,LESSON CLEOPATRA,RIVER OUTLAW,OUTLAW HANKY,TOMATOES HELLFIGHTERS",564,2271.36999999999
729,WHOOPI HURT,"POTTER CONNECTICUT,SONS INTERVIEW,GORGEOUS BINGO,GRADUATE LORD,LANGUAGE COWBOY,MURDER ANTITRUST,ZOOLANDER FICTION,RIGHT CRANES,STRICTLY SCARFACE,MIGHTY LUCK,MOD SECRETARY,PELICAN COMFORTS,UNFAITHFUL KILL,KILLER INNOCENT,ROBBERY BRIGHT,SECRETS PARADISE,CALENDAR GUNFIGHT,COWBOY DOOM,ROOF CHAMPION,SPY MILE,VANILLA DAY,DRUMS DYNAMITE,PATTON INTERVIEW,PULP BEVERLY,SPIRIT FLINTSTONES,OUTFIELD MASSACRE,BIRDS PERDITION,RIDGEMONT SUBMARINE,ANONYMOUS HUMAN,CHANCE RESURRECTION,MOTHER OLEANDER,RIDER CADDYSHACK",527,2366.71999999999
826,WILL WILSON,"BAREFOOT MANCHURIAN,CAMPUS REMEMBER,UPRISING UPTOWN,DARES PLUTO,DONNIE ALLEY,HORN WORKING,THEORY MERMAID,TITANIC BOONDOCK,NOON PAPI,TIES HUNGER,WARLOCK WEREWOLF,CRUELTY UNFORGIVEN,PAJAMA JAWBREAKER,CRAZY HOME,FRENCH HOLIDAY,GUN BONNIE,HUMAN GRAFFITI,SLEUTH ORIENT,BOWFINGER GABLES,SLEEPING SUSPECTS,DRIVING POLISH,APOCALYPSE FLAMINGOS,FATAL HAUNTED,PLATOON INSTINCT,MOURNING PURPLE,DIVORCE SHINING,LIBERTY MAGNIFICENT,NEIGHBORS CHARADE,PICKUP DRIVING,STAR OPERATION,SPEED SUIT",480,2054.19
977,WILLIAM HACKMAN,"ANTITRUST TOMATOES,BERETS AGENT,CROOKED FROGMEN,HOLOCAUST HIGHBALL,CREEPERS KANE,SPIKING ELEMENT,WISDOM WORKER,CAUSE DATE,NATIONAL STORY,HUNCHBACK IMPOSSIBLE,SEA VIRGIN,HUNTING MUSKETEERS,SECRETS PARADISE,TRAP GUYS,GLORY TRACY,JERICHO MULAN,MONSOON CAUSE,MOONSHINE CABIN,STATE WASTELAND,ALABAMA DEVIL,ZHIVAGO CORE,CLEOPATRA DEVIL,RECORDS ZORRO,RIDER CADDYSHACK,TIGHTS DAWN,HAUNTED ANTITRUST,WINDOW SIDE",407,1850.94
619,WOODY HOFFMAN,"ENTRAPMENT SATISFACTION,MIDNIGHT WESTWARD,SHRUNK DIVINE,DUCK RACER,ROOM ROMAN,SNOWMAN ROLLERCOASTER,WAIT CIDER,ALICE FANTASIA,GILMORE BOILED,PAJAMA JAWBREAKER,KNOCK WARLOCK,BEACH HEARTBREAKERS,WIFE TURN,BUNCH MINDS,SHOOTIST SUPERFLY,SPICE SORORITY,ATLANTIS CAUSE,PILOT HOOSIERS,TRAP GUYS,LAMBS CINCINATTI,MOONWALKER FOOL,SPY MILE,BIRCH ANTITRUST,TELEGRAPH VOYAGE,BREAKING HOME,MAIDEN HOME,WYOMING STORM,NONE SPIKING,DURHAM PANKY,LOSER HUSTLER,NEIGHBORS CHARADE",560,2546.39999999998
787,WOODY JOLIE,"SKY MIRACLE,STAGECOACH ARMAGEDDON,TRIP NEWTON,FURY MURDER,INVASION CYCLONE,JEEPERS WEDDING,CRAZY HOME,DOOM DANCING,DOWNHILL ENOUGH,WISDOM WORKER,KILL BROTHERHOOD,APOLLO TEEN,CHILL LUCK,BUGSY SONG,EVERYONE CRAFT,FEATHERS METAL,FIRE WOLVES,LOLA AGENT,SWARM GOLD,ALONE TRIP,TAXI KICK,MAIDEN HOME,MASK PEACH,RUN PACIFIC,WAKE JAWS,STALLION SUNDANCE,TITANS JERK,WONDERLAND CHRISTMAS,IMAGE PRINCESS,KRAMER CHOCOLATE,SHINING ROSES",470,2074.3
988,ZERO CAGE,"DANCES NONE,HANDICAP BOONDOCK,STORY SIDE,CANYON STOCK,HORN WORKING,JERSEY SASSY,TOOTSIE PILOT,UPTOWN YOUNG,VELVET TERMINATOR,MOD SECRETARY,THIN SAGEBRUSH,RACER EGG,WEST LION,GANDHI KWAI,MEET CHOCOLATE,ENCINO ELF,MOONWALKER FOOL,STRANGERS GRAFFITI,OLEANDER CLUE,ENDING CROWDS,GODFATHER DIARY,HONEY TIES,IMAGE PRINCESS,LOSER HUSTLER,WORKER TARZAN",398,1572.02
